doc_id_start,doc_id_end,filename
DOJ-OGR-00000001,DOJ-OGR-00000001,20250115134822946_Certificate of Service.pdf
DOJ-OGR-00000002,DOJ-OGR-00000028,20250117133905126_22-1426.pdf
DOJ-OGR-00000029,DOJ-OGR-00000031,20250117162420418_AMENDED Application to Extend Time to File Petition for Writ.pdf
DOJ-OGR-00000032,DOJ-OGR-00000032,20250410114615256_No. 24-_Markus Moss PLLC COS.pdf
DOJ-OGR-00000033,DOJ-OGR-00000033,20250410114623513_No. 24-_Markus Moss PLLC COC.pdf
DOJ-OGR-00000034,DOJ-OGR-00000192,20250424150144637_24-__PetitionForWritOfCertiorari.pdf
DOJ-OGR-00000193,DOJ-OGR-00000194,20250507134103306_Extension Letter 24-1073.pdf
DOJ-OGR-00000195,DOJ-OGR-00000213,20250509132003864_24-1073 Amicus Brief.pdf
DOJ-OGR-00000214,DOJ-OGR-00000214,20250509132022045_24-1073 Certificate.pdf
DOJ-OGR-00000215,DOJ-OGR-00000216,20250509132036202_24-1073 Affidavit.pdf
DOJ-OGR-00000217,DOJ-OGR-00000218,20250606115543471_Extension Letter 24-1073 2nd.pdf
DOJ-OGR-00000219,DOJ-OGR-00000239,20250714161434468_24-1073_Maxwell_Opp.pdf
DOJ-OGR-00000240,DOJ-OGR-00000241,20250714161447132_Certificate - 24-1073 - Maxwell v. USA.pdf
DOJ-OGR-00000242,DOJ-OGR-00000255,20250728111721067_24-1073ReplyInSupportOfPetitionForWritOfCertiorari.pdf
DOJ-OGR-00000256,DOJ-OGR-00000256,20250728111729830_No. 24-1073 Markus Moss COS.pdf
DOJ-OGR-00000257,DOJ-OGR-00000257,20250728111737196_No. 24-1073 Markus Moss COC.pdf
DOJ-OGR-00000258,DOJ-OGR-00000271,002.pdf
DOJ-OGR-00000272,DOJ-OGR-00000272,003.pdf
DOJ-OGR-00000273,DOJ-OGR-00000273,005.pdf
DOJ-OGR-00000274,DOJ-OGR-00000289,006.pdf
DOJ-OGR-00000290,DOJ-OGR-00000304,006-01.pdf
DOJ-OGR-00000305,DOJ-OGR-00000319,006-02.pdf
DOJ-OGR-00000320,DOJ-OGR-00000322,007.pdf
DOJ-OGR-00000323,DOJ-OGR-00000324,008.pdf
DOJ-OGR-00000325,DOJ-OGR-00000326,009.pdf
DOJ-OGR-00000327,DOJ-OGR-00000328,010.pdf
DOJ-OGR-00000329,DOJ-OGR-00000342,011.pdf
DOJ-OGR-00000343,DOJ-OGR-00000352,011-01.pdf
DOJ-OGR-00000353,DOJ-OGR-00000354,011-02.pdf
DOJ-OGR-00000355,DOJ-OGR-00000356,011-03.pdf
DOJ-OGR-00000357,DOJ-OGR-00000358,012.pdf
DOJ-OGR-00000359,DOJ-OGR-00000359,012-01.pdf
DOJ-OGR-00000360,DOJ-OGR-00000360,012-02.pdf
DOJ-OGR-00000361,DOJ-OGR-00000362,013.pdf
DOJ-OGR-00000363,DOJ-OGR-00000363,013-01.pdf
DOJ-OGR-00000364,DOJ-OGR-00000364,013-02.pdf
DOJ-OGR-00000365,DOJ-OGR-00000365,013-03.pdf
DOJ-OGR-00000366,DOJ-OGR-00000383,014.pdf
DOJ-OGR-00000384,DOJ-OGR-00000384,015.pdf
DOJ-OGR-00000385,DOJ-OGR-00000385,016.pdf
DOJ-OGR-00000386,DOJ-OGR-00000386,017.pdf
DOJ-OGR-00000387,DOJ-OGR-00000404,018.pdf
DOJ-OGR-00000405,DOJ-OGR-00000405,019.pdf
DOJ-OGR-00000406,DOJ-OGR-00000429,020.pdf
DOJ-OGR-00000430,DOJ-OGR-00000430,021.pdf
DOJ-OGR-00000431,DOJ-OGR-00000439,022.pdf
DOJ-OGR-00000440,DOJ-OGR-00000442,023.pdf
DOJ-OGR-00000443,DOJ-OGR-00000444,023-01.pdf
DOJ-OGR-00000445,DOJ-OGR-00000453,024.pdf
DOJ-OGR-00000454,DOJ-OGR-00000455,025.pdf
DOJ-OGR-00000456,DOJ-OGR-00000457,025-01.pdf
DOJ-OGR-00000458,DOJ-OGR-00000465,025-02.pdf
DOJ-OGR-00000466,DOJ-OGR-00000466,026.pdf
DOJ-OGR-00000467,DOJ-OGR-00000467,027.pdf
DOJ-OGR-00000468,DOJ-OGR-00000468,028.pdf
DOJ-OGR-00000469,DOJ-OGR-00000469,029.pdf
DOJ-OGR-00000470,DOJ-OGR-00000470,030.pdf
DOJ-OGR-00000471,DOJ-OGR-00000471,031.pdf
DOJ-OGR-00000472,DOJ-OGR-00000504,032.pdf
DOJ-OGR-00000505,DOJ-OGR-00000508,032-01.pdf
DOJ-OGR-00000509,DOJ-OGR-00000509,034.pdf
DOJ-OGR-00000510,DOJ-OGR-00000510,035.pdf
DOJ-OGR-00000511,DOJ-OGR-00000584,036.pdf
DOJ-OGR-00000585,DOJ-OGR-00000585,037.pdf
DOJ-OGR-00000586,DOJ-OGR-00000594,037-01.pdf
DOJ-OGR-00000595,DOJ-OGR-00000603,038.pdf
DOJ-OGR-00000604,DOJ-OGR-00000604,039.pdf
DOJ-OGR-00000605,DOJ-OGR-00000610,040.pdf
DOJ-OGR-00000611,DOJ-OGR-00000611,041.pdf
DOJ-OGR-00000612,DOJ-OGR-00000621,042.pdf
DOJ-OGR-00000622,DOJ-OGR-00000622,043.pdf
DOJ-OGR-00000623,DOJ-OGR-00000624,044.pdf
DOJ-OGR-00000625,DOJ-OGR-00000625,045.pdf
DOJ-OGR-00000626,DOJ-OGR-00000626,046.pdf
DOJ-OGR-00000627,DOJ-OGR-00000627,047.pdf
DOJ-OGR-00000628,DOJ-OGR-00000629,047-01.pdf
DOJ-OGR-00000630,DOJ-OGR-00000630,048.pdf
DOJ-OGR-00000631,DOJ-OGR-00000631,049.pdf
DOJ-OGR-00000632,DOJ-OGR-00000632,050.pdf
DOJ-OGR-00000633,DOJ-OGR-00000636,051.pdf
DOJ-OGR-00000637,DOJ-OGR-00000638,052.pdf
DOJ-OGR-00000639,DOJ-OGR-00000724,053.pdf
DOJ-OGR-00000725,DOJ-OGR-00000725,054.pdf
DOJ-OGR-00000726,DOJ-OGR-00000726,055.pdf
DOJ-OGR-00000727,DOJ-OGR-00000728,056.pdf
DOJ-OGR-00000729,DOJ-OGR-00000730,057.pdf
DOJ-OGR-00000731,DOJ-OGR-00000731,060.pdf
DOJ-OGR-00000732,DOJ-OGR-00000735,061.pdf
DOJ-OGR-00000736,DOJ-OGR-00000736,062.pdf
DOJ-OGR-00000737,DOJ-OGR-00000740,063.pdf
DOJ-OGR-00000741,DOJ-OGR-00000744,064.pdf
DOJ-OGR-00000745,DOJ-OGR-00000745,065.pdf
DOJ-OGR-00000746,DOJ-OGR-00000755,066.pdf
DOJ-OGR-00000756,DOJ-OGR-00000756,067.pdf
DOJ-OGR-00000757,DOJ-OGR-00000758,068.pdf
DOJ-OGR-00000759,DOJ-OGR-00000760,069.pdf
DOJ-OGR-00000761,DOJ-OGR-00000764,070.pdf
DOJ-OGR-00000765,DOJ-OGR-00000765,071.pdf
DOJ-OGR-00000766,DOJ-OGR-00000770,072.pdf
DOJ-OGR-00000771,DOJ-OGR-00000774,073.pdf
DOJ-OGR-00000775,DOJ-OGR-00000837,19-2221_Documents.pdf
DOJ-OGR-00000838,DOJ-OGR-00001141,21-770_Documents Pt 1 of 3.pdf
DOJ-OGR-00001142,DOJ-OGR-00001317,21-770_Documents Pt 2 of 3.pdf
DOJ-OGR-00001318,DOJ-OGR-00001466,21-770_Documents Pt 3 of 3.pdf
DOJ-OGR-00001467,DOJ-OGR-00001484,001.pdf
DOJ-OGR-00001485,DOJ-OGR-00001486,002.pdf
DOJ-OGR-00001487,DOJ-OGR-00001496,004.pdf
DOJ-OGR-00001497,DOJ-OGR-00001498,005.pdf
DOJ-OGR-00001499,DOJ-OGR-00001531,006.pdf
DOJ-OGR-00001532,DOJ-OGR-00001535,007.pdf
DOJ-OGR-00001536,DOJ-OGR-00001537,008.pdf
DOJ-OGR-00001538,DOJ-OGR-00001539,009.pdf
DOJ-OGR-00001540,DOJ-OGR-00001543,010.pdf
DOJ-OGR-00001544,DOJ-OGR-00001545,011.pdf
DOJ-OGR-00001546,DOJ-OGR-00001546,012.pdf
DOJ-OGR-00001547,DOJ-OGR-00001547,013.pdf
DOJ-OGR-00001548,DOJ-OGR-00001548,014.pdf
DOJ-OGR-00001549,DOJ-OGR-00001555,015.pdf
DOJ-OGR-00001556,DOJ-OGR-00001557,015-01.pdf
DOJ-OGR-00001558,DOJ-OGR-00001558,015-02.pdf
DOJ-OGR-00001559,DOJ-OGR-00001560,015-03.pdf
DOJ-OGR-00001561,DOJ-OGR-00001562,016.pdf
DOJ-OGR-00001563,DOJ-OGR-00001580,017.pdf
DOJ-OGR-00001581,DOJ-OGR-00001606,018.pdf
DOJ-OGR-00001607,DOJ-OGR-00001607,019.pdf
DOJ-OGR-00001608,DOJ-OGR-00001608,020.pdf
DOJ-OGR-00001609,DOJ-OGR-00001610,021.pdf
DOJ-OGR-00001611,DOJ-OGR-00001629,022.pdf
DOJ-OGR-00001630,DOJ-OGR-00001630,023.pdf
DOJ-OGR-00001631,DOJ-OGR-00001632,024.pdf
DOJ-OGR-00001633,DOJ-OGR-00001633,025.pdf
DOJ-OGR-00001634,DOJ-OGR-00001634,026.pdf
DOJ-OGR-00001635,DOJ-OGR-00001641,027.pdf
DOJ-OGR-00001642,DOJ-OGR-00001642,028.pdf
DOJ-OGR-00001643,DOJ-OGR-00001646,029.pdf
DOJ-OGR-00001647,DOJ-OGR-00001659,029-01.pdf
DOJ-OGR-00001660,DOJ-OGR-00001661,030.pdf
DOJ-OGR-00001662,DOJ-OGR-00001662,031.pdf
DOJ-OGR-00001663,DOJ-OGR-00001663,032.pdf
DOJ-OGR-00001664,DOJ-OGR-00001670,033.pdf
DOJ-OGR-00001671,DOJ-OGR-00001682,033-01.pdf
DOJ-OGR-00001683,DOJ-OGR-00001684,034.pdf
DOJ-OGR-00001685,DOJ-OGR-00001689,035.pdf
DOJ-OGR-00001690,DOJ-OGR-00001701,036.pdf
DOJ-OGR-00001702,DOJ-OGR-00001704,037.pdf
DOJ-OGR-00001705,DOJ-OGR-00001710,038.pdf
DOJ-OGR-00001711,DOJ-OGR-00001712,039.pdf
DOJ-OGR-00001713,DOJ-OGR-00001718,040.pdf
DOJ-OGR-00001719,DOJ-OGR-00001723,041.pdf
DOJ-OGR-00001724,DOJ-OGR-00001728,042.pdf
DOJ-OGR-00001729,DOJ-OGR-00001729,043.pdf
DOJ-OGR-00001730,DOJ-OGR-00001730,044.pdf
DOJ-OGR-00001731,DOJ-OGR-00001731,045.pdf
DOJ-OGR-00001732,DOJ-OGR-00001736,046.pdf
DOJ-OGR-00001737,DOJ-OGR-00001740,047.pdf
DOJ-OGR-00001741,DOJ-OGR-00001742,048.pdf
DOJ-OGR-00001743,DOJ-OGR-00001746,049.pdf
DOJ-OGR-00001747,DOJ-OGR-00001751,051.pdf
DOJ-OGR-00001752,DOJ-OGR-00001759,052.pdf
DOJ-OGR-00001760,DOJ-OGR-00001762,053.pdf
DOJ-OGR-00001763,DOJ-OGR-00001768,054.pdf
DOJ-OGR-00001769,DOJ-OGR-00001777,055.pdf
DOJ-OGR-00001778,DOJ-OGR-00001778,059.pdf
DOJ-OGR-00001779,DOJ-OGR-00001781,060.pdf
DOJ-OGR-00001782,DOJ-OGR-00001783,061.pdf
DOJ-OGR-00001784,DOJ-OGR-00001786,062.pdf
DOJ-OGR-00001787,DOJ-OGR-00001794,063.pdf
DOJ-OGR-00001795,DOJ-OGR-00001800,064.pdf
DOJ-OGR-00001801,DOJ-OGR-00001804,065.pdf
DOJ-OGR-00001805,DOJ-OGR-00001811,066.pdf
DOJ-OGR-00001812,DOJ-OGR-00001815,067.pdf
DOJ-OGR-00001816,DOJ-OGR-00001817,068.pdf
DOJ-OGR-00001818,DOJ-OGR-00001821,069.pdf
DOJ-OGR-00001822,DOJ-OGR-00001823,070.pdf
DOJ-OGR-00001824,DOJ-OGR-00001827,071.pdf
DOJ-OGR-00001828,DOJ-OGR-00001831,072.pdf
DOJ-OGR-00001832,DOJ-OGR-00001834,073.pdf
DOJ-OGR-00001835,DOJ-OGR-00001836,074.pdf
DOJ-OGR-00001837,DOJ-OGR-00001838,075.pdf
DOJ-OGR-00001839,DOJ-OGR-00001840,076.pdf
DOJ-OGR-00001841,DOJ-OGR-00001841,077.pdf
DOJ-OGR-00001842,DOJ-OGR-00001843,078.pdf
DOJ-OGR-00001844,DOJ-OGR-00001845,079.pdf
DOJ-OGR-00001846,DOJ-OGR-00001846,080.pdf
DOJ-OGR-00001847,DOJ-OGR-00001848,081.pdf
DOJ-OGR-00001849,DOJ-OGR-00001850,085.pdf
DOJ-OGR-00001851,DOJ-OGR-00001854,086.pdf
DOJ-OGR-00001855,DOJ-OGR-00001858,087.pdf
DOJ-OGR-00001859,DOJ-OGR-00001860,088.pdf
DOJ-OGR-00001861,DOJ-OGR-00001861,089.pdf
DOJ-OGR-00001862,DOJ-OGR-00001865,090.pdf
DOJ-OGR-00001866,DOJ-OGR-00001875,091.pdf
DOJ-OGR-00001876,DOJ-OGR-00001877,092.pdf
DOJ-OGR-00001878,DOJ-OGR-00001968,093.pdf
DOJ-OGR-00001969,DOJ-OGR-00001969,094.pdf
DOJ-OGR-00001970,DOJ-OGR-00001971,095.pdf
DOJ-OGR-00001972,DOJ-OGR-00001972,096.pdf
DOJ-OGR-00001973,DOJ-OGR-00002017,097.pdf
DOJ-OGR-00002018,DOJ-OGR-00002021,097-01.pdf
DOJ-OGR-00002022,DOJ-OGR-00002026,097-02.pdf
DOJ-OGR-00002027,DOJ-OGR-00002031,097-03.pdf
DOJ-OGR-00002032,DOJ-OGR-00002034,097-04.pdf
DOJ-OGR-00002035,DOJ-OGR-00002037,097-05.pdf
DOJ-OGR-00002038,DOJ-OGR-00002040,097-06.pdf
DOJ-OGR-00002041,DOJ-OGR-00002043,097-07.pdf
DOJ-OGR-00002044,DOJ-OGR-00002046,097-08.pdf
DOJ-OGR-00002047,DOJ-OGR-00002049,097-09.pdf
DOJ-OGR-00002050,DOJ-OGR-00002051,097-10.pdf
DOJ-OGR-00002052,DOJ-OGR-00002054,097-11.pdf
DOJ-OGR-00002055,DOJ-OGR-00002056,097-12.pdf
DOJ-OGR-00002057,DOJ-OGR-00002058,097-13.pdf
DOJ-OGR-00002059,DOJ-OGR-00002060,097-14.pdf
DOJ-OGR-00002061,DOJ-OGR-00002070,097-15.pdf
DOJ-OGR-00002071,DOJ-OGR-00002074,097-16.pdf
DOJ-OGR-00002075,DOJ-OGR-00002079,097-17.pdf
DOJ-OGR-00002080,DOJ-OGR-00002082,097-18.pdf
DOJ-OGR-00002083,DOJ-OGR-00002087,097-19.pdf
DOJ-OGR-00002088,DOJ-OGR-00002095,097-20.pdf
DOJ-OGR-00002096,DOJ-OGR-00002124,097-21.pdf
DOJ-OGR-00002125,DOJ-OGR-00002154,097-22.pdf
DOJ-OGR-00002155,DOJ-OGR-00002156,097-23.pdf
DOJ-OGR-00002157,DOJ-OGR-00002158,097-24.pdf
DOJ-OGR-00002159,DOJ-OGR-00002159,098.pdf
DOJ-OGR-00002160,DOJ-OGR-00002161,099.pdf
DOJ-OGR-00002162,DOJ-OGR-00002197,100.pdf
DOJ-OGR-00002198,DOJ-OGR-00002199,100-01.pdf
DOJ-OGR-00002200,DOJ-OGR-00002203,100-02.pdf
DOJ-OGR-00002204,DOJ-OGR-00002205,101.pdf
DOJ-OGR-00002206,DOJ-OGR-00002206,102.pdf
DOJ-OGR-00002207,DOJ-OGR-00002221,103.pdf
DOJ-OGR-00002222,DOJ-OGR-00002225,103-01.pdf
DOJ-OGR-00002226,DOJ-OGR-00002229,103-02.pdf
DOJ-OGR-00002230,DOJ-OGR-00002231,104.pdf
DOJ-OGR-00002232,DOJ-OGR-00002232,105.pdf
DOJ-OGR-00002233,DOJ-OGR-00002254,106.pdf
DOJ-OGR-00002255,DOJ-OGR-00002256,107.pdf
DOJ-OGR-00002257,DOJ-OGR-00002258,108.pdf
DOJ-OGR-00002259,DOJ-OGR-00002260,109.pdf
DOJ-OGR-00002261,DOJ-OGR-00002262,112.pdf
DOJ-OGR-00002263,DOJ-OGR-00002263,113.pdf
DOJ-OGR-00002264,DOJ-OGR-00002267,114.pdf
DOJ-OGR-00002268,DOJ-OGR-00002269,115.pdf
DOJ-OGR-00002270,DOJ-OGR-00002271,116.pdf
DOJ-OGR-00002272,DOJ-OGR-00002274,117.pdf
DOJ-OGR-00002275,DOJ-OGR-00002276,118.pdf
DOJ-OGR-00002277,DOJ-OGR-00002278,119.pdf
DOJ-OGR-00002279,DOJ-OGR-00002297,120.pdf
DOJ-OGR-00002298,DOJ-OGR-00002299,121.pdf
DOJ-OGR-00002300,DOJ-OGR-00002308,122.pdf
DOJ-OGR-00002309,DOJ-OGR-00002310,123.pdf
DOJ-OGR-00002311,DOJ-OGR-00002318,124.pdf
DOJ-OGR-00002319,DOJ-OGR-00002320,125.pdf
DOJ-OGR-00002321,DOJ-OGR-00002333,126.pdf
DOJ-OGR-00002334,DOJ-OGR-00002334,127.pdf
DOJ-OGR-00002335,DOJ-OGR-00002336,128.pdf
DOJ-OGR-00002337,DOJ-OGR-00002338,129.pdf
DOJ-OGR-00002339,DOJ-OGR-00002341,130.pdf
DOJ-OGR-00002342,DOJ-OGR-00002343,131.pdf
DOJ-OGR-00002344,DOJ-OGR-00002345,132.pdf
DOJ-OGR-00002346,DOJ-OGR-00002347,133.pdf
DOJ-OGR-00002348,DOJ-OGR-00002370,134.pdf
DOJ-OGR-00002371,DOJ-OGR-00002377,134-01.pdf
DOJ-OGR-00002378,DOJ-OGR-00002400,134-02.pdf
DOJ-OGR-00002401,DOJ-OGR-00002401,134-03.pdf
DOJ-OGR-00002402,DOJ-OGR-00002402,134-04.pdf
DOJ-OGR-00002403,DOJ-OGR-00002403,134-05.pdf
DOJ-OGR-00002404,DOJ-OGR-00002404,134-06.pdf
DOJ-OGR-00002405,DOJ-OGR-00002405,134-07.pdf
DOJ-OGR-00002406,DOJ-OGR-00002406,134-08.pdf
DOJ-OGR-00002407,DOJ-OGR-00002407,134-09.pdf
DOJ-OGR-00002408,DOJ-OGR-00002409,135.pdf
DOJ-OGR-00002410,DOJ-OGR-00002436,136.pdf
DOJ-OGR-00002437,DOJ-OGR-00002437,136-01.pdf
DOJ-OGR-00002438,DOJ-OGR-00002438,136-02.pdf
DOJ-OGR-00002439,DOJ-OGR-00002439,136-03.pdf
DOJ-OGR-00002440,DOJ-OGR-00002440,136-04.pdf
DOJ-OGR-00002441,DOJ-OGR-00002441,136-05.pdf
DOJ-OGR-00002442,DOJ-OGR-00002442,136-06.pdf
DOJ-OGR-00002443,DOJ-OGR-00002465,136-07.pdf
DOJ-OGR-00002466,DOJ-OGR-00002466,136-08.pdf
DOJ-OGR-00002467,DOJ-OGR-00002499,136-09.pdf
DOJ-OGR-00002500,DOJ-OGR-00002500,136-10.pdf
DOJ-OGR-00002501,DOJ-OGR-00002501,136-11.pdf
DOJ-OGR-00002502,DOJ-OGR-00002503,137.pdf
DOJ-OGR-00002504,DOJ-OGR-00002529,138.pdf
DOJ-OGR-00002530,DOJ-OGR-00002530,138-01.pdf
DOJ-OGR-00002531,DOJ-OGR-00002531,138-02.pdf
DOJ-OGR-00002532,DOJ-OGR-00002532,138-03.pdf
DOJ-OGR-00002533,DOJ-OGR-00002546,138-04.pdf
DOJ-OGR-00002547,DOJ-OGR-00002548,139.pdf
DOJ-OGR-00002549,DOJ-OGR-00002570,140.pdf
DOJ-OGR-00002571,DOJ-OGR-00002572,141.pdf
DOJ-OGR-00002573,DOJ-OGR-00002610,142.pdf
DOJ-OGR-00002611,DOJ-OGR-00002626,142-01.pdf
DOJ-OGR-00002627,DOJ-OGR-00002640,142-02.pdf
DOJ-OGR-00002641,DOJ-OGR-00002641,142-03.pdf
DOJ-OGR-00002642,DOJ-OGR-00002642,142-04.pdf
DOJ-OGR-00002643,DOJ-OGR-00002643,142-05.pdf
DOJ-OGR-00002644,DOJ-OGR-00002644,142-06.pdf
DOJ-OGR-00002645,DOJ-OGR-00002645,142-07.pdf
DOJ-OGR-00002646,DOJ-OGR-00002646,142-08.pdf
DOJ-OGR-00002647,DOJ-OGR-00002648,143.pdf
DOJ-OGR-00002649,DOJ-OGR-00002673,144.pdf
DOJ-OGR-00002674,DOJ-OGR-00002675,145.pdf
DOJ-OGR-00002676,DOJ-OGR-00002691,146.pdf
DOJ-OGR-00002692,DOJ-OGR-00002693,147.pdf
DOJ-OGR-00002694,DOJ-OGR-00002716,148.pdf
DOJ-OGR-00002717,DOJ-OGR-00002720,148-01.pdf
DOJ-OGR-00002721,DOJ-OGR-00002721,148-02.pdf
DOJ-OGR-00002722,DOJ-OGR-00002722,148-03.pdf
DOJ-OGR-00002723,DOJ-OGR-00002723,148-04.pdf
DOJ-OGR-00002724,DOJ-OGR-00002725,148-05.pdf
DOJ-OGR-00002726,DOJ-OGR-00002726,149.pdf
DOJ-OGR-00002727,DOJ-OGR-00002728,158.pdf
DOJ-OGR-00002729,DOJ-OGR-00002731,159.pdf
DOJ-OGR-00002732,DOJ-OGR-00002740,160.pdf
DOJ-OGR-00002741,DOJ-OGR-00002741,161.pdf
DOJ-OGR-00002742,DOJ-OGR-00002743,162.pdf
DOJ-OGR-00002744,DOJ-OGR-00002745,163.pdf
DOJ-OGR-00002746,DOJ-OGR-00002747,164.pdf
DOJ-OGR-00002748,DOJ-OGR-00002756,165.pdf
DOJ-OGR-00002757,DOJ-OGR-00002758,165-01.pdf
DOJ-OGR-00002759,DOJ-OGR-00002760,166.pdf
DOJ-OGR-00002761,DOJ-OGR-00002761,167.pdf
DOJ-OGR-00002762,DOJ-OGR-00002766,168.pdf
DOJ-OGR-00002767,DOJ-OGR-00002778,169.pdf
DOJ-OGR-00002779,DOJ-OGR-00002780,170.pdf
DOJ-OGR-00002781,DOJ-OGR-00002798,171.pdf
DOJ-OGR-00002799,DOJ-OGR-00002801,172.pdf
DOJ-OGR-00002802,DOJ-OGR-00002802,173.pdf
DOJ-OGR-00002803,DOJ-OGR-00002803,173-01.pdf
DOJ-OGR-00002804,DOJ-OGR-00002804,180.pdf
DOJ-OGR-00002805,DOJ-OGR-00002805,181.pdf
DOJ-OGR-00002806,DOJ-OGR-00002806,182.pdf
DOJ-OGR-00002807,DOJ-OGR-00002807,182-01.pdf
DOJ-OGR-00002808,DOJ-OGR-00002808,182-02.pdf
DOJ-OGR-00002809,DOJ-OGR-00002809,182-03.pdf
DOJ-OGR-00002810,DOJ-OGR-00002811,182-04.pdf
DOJ-OGR-00002812,DOJ-OGR-00002818,183.pdf
DOJ-OGR-00002819,DOJ-OGR-00002819,184.pdf
DOJ-OGR-00002820,DOJ-OGR-00002821,185.pdf
DOJ-OGR-00002822,DOJ-OGR-00002841,185-01.pdf
DOJ-OGR-00002842,DOJ-OGR-00002842,186.pdf
DOJ-OGR-00002843,DOJ-OGR-00002866,187.pdf
DOJ-OGR-00002867,DOJ-OGR-00002871,188.pdf
DOJ-OGR-00002872,DOJ-OGR-00002873,189.pdf
DOJ-OGR-00002874,DOJ-OGR-00002876,190.pdf
DOJ-OGR-00002877,DOJ-OGR-00002883,191.pdf
DOJ-OGR-00002884,DOJ-OGR-00002886,192.pdf
DOJ-OGR-00002887,DOJ-OGR-00002887,193.pdf
DOJ-OGR-00002888,DOJ-OGR-00002889,194.pdf
DOJ-OGR-00002890,DOJ-OGR-00002900,195.pdf
DOJ-OGR-00002901,DOJ-OGR-00002906,196.pdf
DOJ-OGR-00002907,DOJ-OGR-00002911,197.pdf
DOJ-OGR-00002912,DOJ-OGR-00002912,198.pdf
DOJ-OGR-00002913,DOJ-OGR-00002920,199.pdf
DOJ-OGR-00002921,DOJ-OGR-00002922,200.pdf
DOJ-OGR-00002923,DOJ-OGR-00002924,201.pdf
DOJ-OGR-00002925,DOJ-OGR-00002932,202.pdf
DOJ-OGR-00002933,DOJ-OGR-00002934,203.pdf
DOJ-OGR-00002935,DOJ-OGR-00003173,204.pdf
DOJ-OGR-00003174,DOJ-OGR-00003175,204-01.pdf
DOJ-OGR-00003176,DOJ-OGR-00003176,204-02.pdf
DOJ-OGR-00003177,DOJ-OGR-00003524,204-03.pdf
DOJ-OGR-00003525,DOJ-OGR-00003530,204-04.pdf
DOJ-OGR-00003531,DOJ-OGR-00003539,204-05.pdf
DOJ-OGR-00003540,DOJ-OGR-00003541,204-06.pdf
DOJ-OGR-00003542,DOJ-OGR-00003543,204-07.pdf
DOJ-OGR-00003544,DOJ-OGR-00003549,204-08.pdf
DOJ-OGR-00003550,DOJ-OGR-00003555,204-09.pdf
DOJ-OGR-00003556,DOJ-OGR-00003599,204-10.pdf
DOJ-OGR-00003600,DOJ-OGR-00003620,204-11.pdf
DOJ-OGR-00003621,DOJ-OGR-00003650,204-12.pdf
DOJ-OGR-00003651,DOJ-OGR-00003652,205.pdf
DOJ-OGR-00003653,DOJ-OGR-00003674,206.pdf
DOJ-OGR-00003675,DOJ-OGR-00003708,207.pdf
DOJ-OGR-00003709,DOJ-OGR-00003724,208.pdf
DOJ-OGR-00003725,DOJ-OGR-00003735,208-01.pdf
DOJ-OGR-00003736,DOJ-OGR-00003750,208-02.pdf
DOJ-OGR-00003751,DOJ-OGR-00003752,208-03.pdf
DOJ-OGR-00003753,DOJ-OGR-00003757,209.pdf
DOJ-OGR-00003758,DOJ-OGR-00003763,210.pdf
DOJ-OGR-00003764,DOJ-OGR-00003774,211.pdf
DOJ-OGR-00003775,DOJ-OGR-00003794,212.pdf
DOJ-OGR-00003795,DOJ-OGR-00003802,212-01.pdf
DOJ-OGR-00003803,DOJ-OGR-00003832,212-02.pdf
DOJ-OGR-00003833,DOJ-OGR-00003840,213.pdf
DOJ-OGR-00003841,DOJ-OGR-00003843,214.pdf
DOJ-OGR-00003844,DOJ-OGR-00003844,215.pdf
DOJ-OGR-00003845,DOJ-OGR-00003846,216.pdf
DOJ-OGR-00003847,DOJ-OGR-00003852,217.pdf
DOJ-OGR-00003853,DOJ-OGR-00003860,218.pdf
DOJ-OGR-00003861,DOJ-OGR-00003862,219.pdf
DOJ-OGR-00003863,DOJ-OGR-00003864,220.pdf
DOJ-OGR-00003865,DOJ-OGR-00003869,221.pdf
DOJ-OGR-00003870,DOJ-OGR-00003873,222.pdf
DOJ-OGR-00003874,DOJ-OGR-00003896,223.pdf
DOJ-OGR-00003897,DOJ-OGR-00003897,223-01.pdf
DOJ-OGR-00003898,DOJ-OGR-00003914,224.pdf
DOJ-OGR-00003915,DOJ-OGR-00003915,225.pdf
DOJ-OGR-00003916,DOJ-OGR-00003917,226.pdf
DOJ-OGR-00003918,DOJ-OGR-00003920,227.pdf
DOJ-OGR-00003921,DOJ-OGR-00003921,228.pdf
DOJ-OGR-00003922,DOJ-OGR-00003926,229.pdf
DOJ-OGR-00003927,DOJ-OGR-00003929,230.pdf
DOJ-OGR-00003930,DOJ-OGR-00003930,231.pdf
DOJ-OGR-00003931,DOJ-OGR-00003934,232.pdf
DOJ-OGR-00003935,DOJ-OGR-00003935,233.pdf
DOJ-OGR-00003936,DOJ-OGR-00003937,233-01.pdf
DOJ-OGR-00003938,DOJ-OGR-00003942,234.pdf
DOJ-OGR-00003943,DOJ-OGR-00003952,235.pdf
DOJ-OGR-00003953,DOJ-OGR-00003953,236.pdf
DOJ-OGR-00003954,DOJ-OGR-00003954,237.pdf
DOJ-OGR-00003955,DOJ-OGR-00003960,239.pdf
DOJ-OGR-00003961,DOJ-OGR-00003962,240.pdf
DOJ-OGR-00003963,DOJ-OGR-00003964,241.pdf
DOJ-OGR-00003965,DOJ-OGR-00003966,242.pdf
DOJ-OGR-00003967,DOJ-OGR-00003971,243.pdf
DOJ-OGR-00003972,DOJ-OGR-00003985,244.pdf
DOJ-OGR-00003986,DOJ-OGR-00003987,245.pdf
DOJ-OGR-00003988,DOJ-OGR-00004000,246.pdf
DOJ-OGR-00004001,DOJ-OGR-00004017,247.pdf
DOJ-OGR-00004018,DOJ-OGR-00004026,248.pdf
DOJ-OGR-00004027,DOJ-OGR-00004035,249.pdf
DOJ-OGR-00004036,DOJ-OGR-00004038,250.pdf
DOJ-OGR-00004039,DOJ-OGR-00004047,252.pdf
DOJ-OGR-00004048,DOJ-OGR-00004049,253.pdf
DOJ-OGR-00004050,DOJ-OGR-00004051,254.pdf
DOJ-OGR-00004052,DOJ-OGR-00004053,255.pdf
DOJ-OGR-00004054,DOJ-OGR-00004057,256.pdf
DOJ-OGR-00004058,DOJ-OGR-00004059,257.pdf
DOJ-OGR-00004060,DOJ-OGR-00004060,258.pdf
DOJ-OGR-00004061,DOJ-OGR-00004062,259.pdf
DOJ-OGR-00004063,DOJ-OGR-00004064,260.pdf
DOJ-OGR-00004065,DOJ-OGR-00004073,261.pdf
DOJ-OGR-00004074,DOJ-OGR-00004074,262.pdf
DOJ-OGR-00004075,DOJ-OGR-00004076,263.pdf
DOJ-OGR-00004077,DOJ-OGR-00004077,264.pdf
DOJ-OGR-00004078,DOJ-OGR-00004080,265.pdf
DOJ-OGR-00004081,DOJ-OGR-00004083,266.pdf
DOJ-OGR-00004084,DOJ-OGR-00004090,267.pdf
DOJ-OGR-00004091,DOJ-OGR-00004093,268.pdf
DOJ-OGR-00004094,DOJ-OGR-00004102,269.pdf
DOJ-OGR-00004103,DOJ-OGR-00004104,270.pdf
DOJ-OGR-00004105,DOJ-OGR-00004106,271.pdf
DOJ-OGR-00004107,DOJ-OGR-00004109,272.pdf
DOJ-OGR-00004110,DOJ-OGR-00004110,273.pdf
DOJ-OGR-00004111,DOJ-OGR-00004111,274.pdf
DOJ-OGR-00004112,DOJ-OGR-00004116,275.pdf
DOJ-OGR-00004117,DOJ-OGR-00004120,276.pdf
DOJ-OGR-00004121,DOJ-OGR-00004122,277.pdf
DOJ-OGR-00004123,DOJ-OGR-00004124,278.pdf
DOJ-OGR-00004125,DOJ-OGR-00004125,279.pdf
DOJ-OGR-00004126,DOJ-OGR-00004127,280.pdf
DOJ-OGR-00004128,DOJ-OGR-00004129,281.pdf
DOJ-OGR-00004130,DOJ-OGR-00004131,282.pdf
DOJ-OGR-00004132,DOJ-OGR-00004133,283.pdf
DOJ-OGR-00004134,DOJ-OGR-00004135,284.pdf
DOJ-OGR-00004136,DOJ-OGR-00004169,285.pdf
DOJ-OGR-00004170,DOJ-OGR-00004179,285-01.pdf
DOJ-OGR-00004180,DOJ-OGR-00004186,285-02.pdf
DOJ-OGR-00004187,DOJ-OGR-00004189,285-03.pdf
DOJ-OGR-00004190,DOJ-OGR-00004192,285-04.pdf
DOJ-OGR-00004193,DOJ-OGR-00004196,285-05.pdf
DOJ-OGR-00004197,DOJ-OGR-00004199,285-06.pdf
DOJ-OGR-00004200,DOJ-OGR-00004201,285-07.pdf
DOJ-OGR-00004202,DOJ-OGR-00004213,285-08.pdf
DOJ-OGR-00004214,DOJ-OGR-00004227,286.pdf
DOJ-OGR-00004228,DOJ-OGR-00004243,287.pdf
DOJ-OGR-00004244,DOJ-OGR-00004244,287-01.pdf
DOJ-OGR-00004245,DOJ-OGR-00004246,288.pdf
DOJ-OGR-00004247,DOJ-OGR-00004248,289.pdf
DOJ-OGR-00004249,DOJ-OGR-00004250,290.pdf
DOJ-OGR-00004251,DOJ-OGR-00004263,291.pdf
DOJ-OGR-00004264,DOJ-OGR-00004265,292.pdf
DOJ-OGR-00004266,DOJ-OGR-00004297,293.pdf
DOJ-OGR-00004298,DOJ-OGR-00004646,293-01.pdf
DOJ-OGR-00004647,DOJ-OGR-00004662,293-02.pdf
DOJ-OGR-00004663,DOJ-OGR-00004696,293-03.pdf
DOJ-OGR-00004697,DOJ-OGR-00004701,293-04.pdf
DOJ-OGR-00004702,DOJ-OGR-00004702,293-05.pdf
DOJ-OGR-00004703,DOJ-OGR-00004703,293-06.pdf
DOJ-OGR-00004704,DOJ-OGR-00004704,293-07.pdf
DOJ-OGR-00004705,DOJ-OGR-00004705,293-08.pdf
DOJ-OGR-00004706,DOJ-OGR-00004706,293-09.pdf
DOJ-OGR-00004707,DOJ-OGR-00004707,294.pdf
DOJ-OGR-00004708,DOJ-OGR-00004733,295.pdf
DOJ-OGR-00004734,DOJ-OGR-00004734,296.pdf
DOJ-OGR-00004735,DOJ-OGR-00004736,297.pdf
DOJ-OGR-00004737,DOJ-OGR-00004742,298.pdf
DOJ-OGR-00004743,DOJ-OGR-00004743,299.pdf
DOJ-OGR-00004744,DOJ-OGR-00004775,300.pdf
DOJ-OGR-00004776,DOJ-OGR-00004776,301.pdf
DOJ-OGR-00004777,DOJ-OGR-00004779,302.pdf
DOJ-OGR-00004780,DOJ-OGR-00004781,303.pdf
DOJ-OGR-00004782,DOJ-OGR-00004782,304.pdf
DOJ-OGR-00004783,DOJ-OGR-00004783,305.pdf
DOJ-OGR-00004784,DOJ-OGR-00004784,306.pdf
DOJ-OGR-00004785,DOJ-OGR-00004805,307.pdf
DOJ-OGR-00004806,DOJ-OGR-00004806,308.pdf
DOJ-OGR-00004807,DOJ-OGR-00004809,309.pdf
DOJ-OGR-00004810,DOJ-OGR-00004812,310.pdf
DOJ-OGR-00004813,DOJ-OGR-00004892,310-01.pdf
DOJ-OGR-00004893,DOJ-OGR-00004893,311.pdf
DOJ-OGR-00004894,DOJ-OGR-00004916,311-01.pdf
DOJ-OGR-00004917,DOJ-OGR-00004920,311-02.pdf
DOJ-OGR-00004921,DOJ-OGR-00004923,311-03.pdf
DOJ-OGR-00004924,DOJ-OGR-00004950,311-04.pdf
DOJ-OGR-00004951,DOJ-OGR-00004951,312.pdf
DOJ-OGR-00004952,DOJ-OGR-00004954,313.pdf
DOJ-OGR-00004955,DOJ-OGR-00004961,314.pdf
DOJ-OGR-00004962,DOJ-OGR-00004964,315.pdf
DOJ-OGR-00004965,DOJ-OGR-00004974,316.pdf
DOJ-OGR-00004975,DOJ-OGR-00004988,317.pdf
DOJ-OGR-00004989,DOJ-OGR-00004990,318.pdf
DOJ-OGR-00004991,DOJ-OGR-00004993,319.pdf
DOJ-OGR-00004994,DOJ-OGR-00004997,320.pdf
DOJ-OGR-00004998,DOJ-OGR-00005000,321.pdf
DOJ-OGR-00005001,DOJ-OGR-00005004,322.pdf
DOJ-OGR-00005005,DOJ-OGR-00005006,323.pdf
DOJ-OGR-00005007,DOJ-OGR-00005008,324.pdf
DOJ-OGR-00005009,DOJ-OGR-00005010,325.pdf
DOJ-OGR-00005011,DOJ-OGR-00005013,326.pdf
DOJ-OGR-00005014,DOJ-OGR-00005014,327.pdf
DOJ-OGR-00005015,DOJ-OGR-00005015,328.pdf
DOJ-OGR-00005016,DOJ-OGR-00005016,329.pdf
DOJ-OGR-00005017,DOJ-OGR-00005018,330.pdf
DOJ-OGR-00005019,DOJ-OGR-00005023,331.pdf
DOJ-OGR-00005024,DOJ-OGR-00005026,332.pdf
DOJ-OGR-00005027,DOJ-OGR-00005029,333.pdf
DOJ-OGR-00005030,DOJ-OGR-00005039,334.pdf
DOJ-OGR-00005040,DOJ-OGR-00005042,335.pdf
DOJ-OGR-00005043,DOJ-OGR-00005052,336.pdf
DOJ-OGR-00005053,DOJ-OGR-00005112,336-01.pdf
DOJ-OGR-00005113,DOJ-OGR-00005133,336-02.pdf
DOJ-OGR-00005134,DOJ-OGR-00005155,336-03.pdf
DOJ-OGR-00005156,DOJ-OGR-00005177,336-04.pdf
DOJ-OGR-00005178,DOJ-OGR-00005178,337.pdf
DOJ-OGR-00005179,DOJ-OGR-00005200,338.pdf
DOJ-OGR-00005201,DOJ-OGR-00005202,339.pdf
DOJ-OGR-00005203,DOJ-OGR-00005204,340.pdf
DOJ-OGR-00005205,DOJ-OGR-00005205,341.pdf
DOJ-OGR-00005206,DOJ-OGR-00005222,342.pdf
DOJ-OGR-00005223,DOJ-OGR-00005223,343.pdf
DOJ-OGR-00005224,DOJ-OGR-00005225,344.pdf
DOJ-OGR-00005226,DOJ-OGR-00005228,345.pdf
DOJ-OGR-00005229,DOJ-OGR-00005231,346.pdf
DOJ-OGR-00005232,DOJ-OGR-00005232,347.pdf
DOJ-OGR-00005233,DOJ-OGR-00005233,348.pdf
DOJ-OGR-00005234,DOJ-OGR-00005236,350.pdf
DOJ-OGR-00005237,DOJ-OGR-00005240,351.pdf
DOJ-OGR-00005241,DOJ-OGR-00005242,352.pdf
DOJ-OGR-00005243,DOJ-OGR-00005245,353.pdf
DOJ-OGR-00005246,DOJ-OGR-00005249,354.pdf
DOJ-OGR-00005250,DOJ-OGR-00005254,355.pdf
DOJ-OGR-00005255,DOJ-OGR-00005255,356.pdf
DOJ-OGR-00005256,DOJ-OGR-00005259,357.pdf
DOJ-OGR-00005260,DOJ-OGR-00005263,358.pdf
DOJ-OGR-00005264,DOJ-OGR-00005265,359.pdf
DOJ-OGR-00005266,DOJ-OGR-00005267,360.pdf
DOJ-OGR-00005268,DOJ-OGR-00005268,361.pdf
DOJ-OGR-00005269,DOJ-OGR-00005272,362.pdf
DOJ-OGR-00005273,DOJ-OGR-00005273,363.pdf
DOJ-OGR-00005274,DOJ-OGR-00005276,364.pdf
DOJ-OGR-00005277,DOJ-OGR-00005316,365.pdf
DOJ-OGR-00005317,DOJ-OGR-00005322,366.pdf
DOJ-OGR-00005323,DOJ-OGR-00005357,367.pdf
DOJ-OGR-00005358,DOJ-OGR-00005374,367-01.pdf
DOJ-OGR-00005375,DOJ-OGR-00005376,368.pdf
DOJ-OGR-00005377,DOJ-OGR-00005377,369.pdf
DOJ-OGR-00005378,DOJ-OGR-00005378,370.pdf
DOJ-OGR-00005379,DOJ-OGR-00005379,371.pdf
DOJ-OGR-00005380,DOJ-OGR-00005382,372.pdf
DOJ-OGR-00005383,DOJ-OGR-00005384,373.pdf
DOJ-OGR-00005385,DOJ-OGR-00005386,375.pdf
DOJ-OGR-00005387,DOJ-OGR-00005388,376.pdf
DOJ-OGR-00005389,DOJ-OGR-00005389,377.pdf
DOJ-OGR-00005390,DOJ-OGR-00005391,378.pdf
DOJ-OGR-00005392,DOJ-OGR-00005393,379.pdf
DOJ-OGR-00005394,DOJ-OGR-00005447,380.pdf
DOJ-OGR-00005448,DOJ-OGR-00005450,380-01.pdf
DOJ-OGR-00005451,DOJ-OGR-00005455,381.pdf
DOJ-OGR-00005456,DOJ-OGR-00005524,382.pdf
DOJ-OGR-00005525,DOJ-OGR-00005525,382-01.pdf
DOJ-OGR-00005526,DOJ-OGR-00005526,382-02.pdf
DOJ-OGR-00005527,DOJ-OGR-00005527,382-03.pdf
DOJ-OGR-00005528,DOJ-OGR-00005528,382-04.pdf
DOJ-OGR-00005529,DOJ-OGR-00005544,382-05.pdf
DOJ-OGR-00005545,DOJ-OGR-00005545,382-06.pdf
DOJ-OGR-00005546,DOJ-OGR-00005552,382-07.pdf
DOJ-OGR-00005553,DOJ-OGR-00005553,382-08.pdf
DOJ-OGR-00005554,DOJ-OGR-00005554,382-09.pdf
DOJ-OGR-00005555,DOJ-OGR-00005594,383.pdf
DOJ-OGR-00005595,DOJ-OGR-00005606,384.pdf
DOJ-OGR-00005607,DOJ-OGR-00005609,384-01.pdf
DOJ-OGR-00005610,DOJ-OGR-00005621,385.pdf
DOJ-OGR-00005622,DOJ-OGR-00005624,385-01.pdf
DOJ-OGR-00005625,DOJ-OGR-00005648,386.pdf
DOJ-OGR-00005649,DOJ-OGR-00005652,386-01.pdf
DOJ-OGR-00005653,DOJ-OGR-00005664,386-02.pdf
DOJ-OGR-00005665,DOJ-OGR-00005685,387.pdf
DOJ-OGR-00005686,DOJ-OGR-00005686,387-01.pdf
DOJ-OGR-00005687,DOJ-OGR-00005687,387-02.pdf
DOJ-OGR-00005688,DOJ-OGR-00005701,388.pdf
DOJ-OGR-00005702,DOJ-OGR-00005712,389.pdf
DOJ-OGR-00005713,DOJ-OGR-00005723,390.pdf
DOJ-OGR-00005724,DOJ-OGR-00005724,390-01.pdf
DOJ-OGR-00005725,DOJ-OGR-00005725,390-02.pdf
DOJ-OGR-00005726,DOJ-OGR-00005736,391.pdf
DOJ-OGR-00005737,DOJ-OGR-00005737,391-01.pdf
DOJ-OGR-00005738,DOJ-OGR-00005745,392.pdf
DOJ-OGR-00005746,DOJ-OGR-00005746,392-01.pdf
DOJ-OGR-00005747,DOJ-OGR-00005756,393.pdf
DOJ-OGR-00005757,DOJ-OGR-00005765,394.pdf
DOJ-OGR-00005766,DOJ-OGR-00005774,395.pdf
DOJ-OGR-00005775,DOJ-OGR-00005782,396.pdf
DOJ-OGR-00005783,DOJ-OGR-00005783,396-01.pdf
DOJ-OGR-00005784,DOJ-OGR-00005867,397.pdf
DOJ-OGR-00005868,DOJ-OGR-00005910,397-01.pdf
DOJ-OGR-00005911,DOJ-OGR-00005955,397-02.pdf
DOJ-OGR-00005956,DOJ-OGR-00006007,398.pdf
DOJ-OGR-00006008,DOJ-OGR-00006008,398-01.pdf
DOJ-OGR-00006009,DOJ-OGR-00006009,398-02.pdf
DOJ-OGR-00006010,DOJ-OGR-00006010,398-03.pdf
DOJ-OGR-00006011,DOJ-OGR-00006011,398-04.pdf
DOJ-OGR-00006012,DOJ-OGR-00006022,398-05.pdf
DOJ-OGR-00006023,DOJ-OGR-00006026,399.pdf
DOJ-OGR-00006027,DOJ-OGR-00006028,400.pdf
DOJ-OGR-00006029,DOJ-OGR-00006030,401.pdf
DOJ-OGR-00006031,DOJ-OGR-00006031,402.pdf
DOJ-OGR-00006032,DOJ-OGR-00006035,403.pdf
DOJ-OGR-00006036,DOJ-OGR-00006041,404.pdf
DOJ-OGR-00006042,DOJ-OGR-00006042,405.pdf
DOJ-OGR-00006043,DOJ-OGR-00006048,406.pdf
DOJ-OGR-00006049,DOJ-OGR-00006055,407.pdf
DOJ-OGR-00006056,DOJ-OGR-00006062,408.pdf
DOJ-OGR-00006063,DOJ-OGR-00006064,409.pdf
DOJ-OGR-00006065,DOJ-OGR-00006066,410.pdf
DOJ-OGR-00006067,DOJ-OGR-00006159,410-01.pdf
DOJ-OGR-00006160,DOJ-OGR-00006161,410-02.pdf
DOJ-OGR-00006162,DOJ-OGR-00006164,411.pdf
DOJ-OGR-00006165,DOJ-OGR-00006166,412.pdf
DOJ-OGR-00006167,DOJ-OGR-00006168,413.pdf
DOJ-OGR-00006169,DOJ-OGR-00006171,414.pdf
DOJ-OGR-00006172,DOJ-OGR-00006174,415.pdf
DOJ-OGR-00006175,DOJ-OGR-00006177,416.pdf
DOJ-OGR-00006178,DOJ-OGR-00006179,417.pdf
DOJ-OGR-00006180,DOJ-OGR-00006180,418.pdf
DOJ-OGR-00006181,DOJ-OGR-00006194,418-01.pdf
DOJ-OGR-00006195,DOJ-OGR-00006196,419.pdf
DOJ-OGR-00006197,DOJ-OGR-00006197,420.pdf
DOJ-OGR-00006198,DOJ-OGR-00006198,421.pdf
DOJ-OGR-00006199,DOJ-OGR-00006200,422.pdf
DOJ-OGR-00006201,DOJ-OGR-00006211,423.pdf
DOJ-OGR-00006212,DOJ-OGR-00006252,424.pdf
DOJ-OGR-00006253,DOJ-OGR-00006267,424-01.pdf
DOJ-OGR-00006268,DOJ-OGR-00006268,424-02.pdf
DOJ-OGR-00006269,DOJ-OGR-00006297,424-03.pdf
DOJ-OGR-00006298,DOJ-OGR-00006307,424-04.pdf
DOJ-OGR-00006308,DOJ-OGR-00006309,425.pdf
DOJ-OGR-00006310,DOJ-OGR-00006311,426.pdf
DOJ-OGR-00006312,DOJ-OGR-00006327,427.pdf
DOJ-OGR-00006328,DOJ-OGR-00006329,429.pdf
DOJ-OGR-00006330,DOJ-OGR-00006330,430.pdf
DOJ-OGR-00006331,DOJ-OGR-00006332,431.pdf
DOJ-OGR-00006333,DOJ-OGR-00006337,432.pdf
DOJ-OGR-00006338,DOJ-OGR-00006339,432-01.pdf
DOJ-OGR-00006340,DOJ-OGR-00006340,433.pdf
DOJ-OGR-00006341,DOJ-OGR-00006341,434.pdf
DOJ-OGR-00006342,DOJ-OGR-00006352,435.pdf
DOJ-OGR-00006353,DOJ-OGR-00006359,436.pdf
DOJ-OGR-00006360,DOJ-OGR-00006360,437.pdf
DOJ-OGR-00006361,DOJ-OGR-00006414,438.pdf
DOJ-OGR-00006415,DOJ-OGR-00006417,438-01.pdf
DOJ-OGR-00006418,DOJ-OGR-00006486,439.pdf
DOJ-OGR-00006487,DOJ-OGR-00006487,439-01.pdf
DOJ-OGR-00006488,DOJ-OGR-00006488,439-02.pdf
DOJ-OGR-00006489,DOJ-OGR-00006489,439-03.pdf
DOJ-OGR-00006490,DOJ-OGR-00006490,439-04.pdf
DOJ-OGR-00006491,DOJ-OGR-00006506,439-05.pdf
DOJ-OGR-00006507,DOJ-OGR-00006507,439-06.pdf
DOJ-OGR-00006508,DOJ-OGR-00006514,439-07.pdf
DOJ-OGR-00006515,DOJ-OGR-00006515,439-08.pdf
DOJ-OGR-00006516,DOJ-OGR-00006516,439-09.pdf
DOJ-OGR-00006517,DOJ-OGR-00006556,440.pdf
DOJ-OGR-00006557,DOJ-OGR-00006568,441.pdf
DOJ-OGR-00006569,DOJ-OGR-00006571,441-01.pdf
DOJ-OGR-00006572,DOJ-OGR-00006583,442.pdf
DOJ-OGR-00006584,DOJ-OGR-00006586,442-01.pdf
DOJ-OGR-00006587,DOJ-OGR-00006610,443.pdf
DOJ-OGR-00006611,DOJ-OGR-00006614,443-01.pdf
DOJ-OGR-00006615,DOJ-OGR-00006626,443-02.pdf
DOJ-OGR-00006627,DOJ-OGR-00006647,444.pdf
DOJ-OGR-00006648,DOJ-OGR-00006648,444-01.pdf
DOJ-OGR-00006649,DOJ-OGR-00006649,444-02.pdf
DOJ-OGR-00006650,DOJ-OGR-00006660,445.pdf
DOJ-OGR-00006661,DOJ-OGR-00006661,445-01.pdf
DOJ-OGR-00006662,DOJ-OGR-00006662,445-02.pdf
DOJ-OGR-00006663,DOJ-OGR-00006673,446.pdf
DOJ-OGR-00006674,DOJ-OGR-00006674,446-01.pdf
DOJ-OGR-00006675,DOJ-OGR-00006682,447.pdf
DOJ-OGR-00006683,DOJ-OGR-00006683,447-01.pdf
DOJ-OGR-00006684,DOJ-OGR-00006693,448.pdf
DOJ-OGR-00006694,DOJ-OGR-00006701,449.pdf
DOJ-OGR-00006702,DOJ-OGR-00006702,449-01.pdf
DOJ-OGR-00006703,DOJ-OGR-00006703,450.pdf
DOJ-OGR-00006704,DOJ-OGR-00006708,451.pdf
DOJ-OGR-00006709,DOJ-OGR-00006792,452.pdf
DOJ-OGR-00006793,DOJ-OGR-00006835,452-01.pdf
DOJ-OGR-00006836,DOJ-OGR-00006880,452-02.pdf
DOJ-OGR-00006881,DOJ-OGR-00006932,453.pdf
DOJ-OGR-00006933,DOJ-OGR-00006933,453-01.pdf
DOJ-OGR-00006934,DOJ-OGR-00006934,453-02.pdf
DOJ-OGR-00006935,DOJ-OGR-00006935,453-03.pdf
DOJ-OGR-00006936,DOJ-OGR-00006936,453-04.pdf
DOJ-OGR-00006937,DOJ-OGR-00006947,453-05.pdf
DOJ-OGR-00006948,DOJ-OGR-00006949,454.pdf
DOJ-OGR-00006950,DOJ-OGR-00006952,455.pdf
DOJ-OGR-00006953,DOJ-OGR-00006962,456.pdf
DOJ-OGR-00006963,DOJ-OGR-00006970,457.pdf
DOJ-OGR-00006971,DOJ-OGR-00006972,458.pdf
DOJ-OGR-00006973,DOJ-OGR-00007015,459.pdf
DOJ-OGR-00007016,DOJ-OGR-00007016,460.pdf
DOJ-OGR-00007017,DOJ-OGR-00007048,462.pdf
DOJ-OGR-00007049,DOJ-OGR-00007050,463.pdf
DOJ-OGR-00007051,DOJ-OGR-00007051,464.pdf
DOJ-OGR-00007052,DOJ-OGR-00007178,465.pdf
DOJ-OGR-00007179,DOJ-OGR-00007179,466.pdf
DOJ-OGR-00007180,DOJ-OGR-00007337,467.pdf
DOJ-OGR-00007338,DOJ-OGR-00007338,468.pdf
DOJ-OGR-00007339,DOJ-OGR-00007339,469.pdf
DOJ-OGR-00007340,DOJ-OGR-00007342,470.pdf
DOJ-OGR-00007343,DOJ-OGR-00007344,470-01.pdf
DOJ-OGR-00007345,DOJ-OGR-00007346,471.pdf
DOJ-OGR-00007347,DOJ-OGR-00007347,472.pdf
DOJ-OGR-00007348,DOJ-OGR-00007348,473.pdf
DOJ-OGR-00007349,DOJ-OGR-00007349,474.pdf
DOJ-OGR-00007350,DOJ-OGR-00007350,475.pdf
DOJ-OGR-00007351,DOJ-OGR-00007351,476.pdf
DOJ-OGR-00007352,DOJ-OGR-00007353,477.pdf
DOJ-OGR-00007354,DOJ-OGR-00007356,478.pdf
DOJ-OGR-00007357,DOJ-OGR-00007357,479.pdf
DOJ-OGR-00007358,DOJ-OGR-00007366,480.pdf
DOJ-OGR-00007367,DOJ-OGR-00007382,480-01.pdf
DOJ-OGR-00007383,DOJ-OGR-00007384,481.pdf
DOJ-OGR-00007385,DOJ-OGR-00007386,482.pdf
DOJ-OGR-00007387,DOJ-OGR-00007388,483.pdf
DOJ-OGR-00007389,DOJ-OGR-00007389,484.pdf
DOJ-OGR-00007390,DOJ-OGR-00007390,485.pdf
DOJ-OGR-00007391,DOJ-OGR-00007392,486.pdf
DOJ-OGR-00007393,DOJ-OGR-00007400,487.pdf
DOJ-OGR-00007401,DOJ-OGR-00007406,488.pdf
DOJ-OGR-00007407,DOJ-OGR-00007408,489.pdf
DOJ-OGR-00007409,DOJ-OGR-00007411,490.pdf
DOJ-OGR-00007412,DOJ-OGR-00007417,491.pdf
DOJ-OGR-00007418,DOJ-OGR-00007430,492.pdf
DOJ-OGR-00007431,DOJ-OGR-00007436,493.pdf
DOJ-OGR-00007437,DOJ-OGR-00007448,494.pdf
DOJ-OGR-00007449,DOJ-OGR-00007450,495.pdf
DOJ-OGR-00007451,DOJ-OGR-00007452,496.pdf
DOJ-OGR-00007453,DOJ-OGR-00007463,497.pdf
DOJ-OGR-00007464,DOJ-OGR-00007465,498.pdf
DOJ-OGR-00007466,DOJ-OGR-00007493,499.pdf
DOJ-OGR-00007494,DOJ-OGR-00007868,499-01.pdf
DOJ-OGR-00007869,DOJ-OGR-00008027,499-02.pdf
DOJ-OGR-00008028,DOJ-OGR-00008028,500.pdf
DOJ-OGR-00008029,DOJ-OGR-00008030,500-01.pdf
DOJ-OGR-00008031,DOJ-OGR-00008031,501.pdf
DOJ-OGR-00008032,DOJ-OGR-00008033,501-01.pdf
DOJ-OGR-00008034,DOJ-OGR-00008035,502.pdf
DOJ-OGR-00008036,DOJ-OGR-00008036,503.pdf
DOJ-OGR-00008037,DOJ-OGR-00008037,504.pdf
DOJ-OGR-00008038,DOJ-OGR-00008039,505.pdf
DOJ-OGR-00008040,DOJ-OGR-00008041,506.pdf
DOJ-OGR-00008042,DOJ-OGR-00008069,507.pdf
DOJ-OGR-00008070,DOJ-OGR-00008084,507-01.pdf
DOJ-OGR-00008085,DOJ-OGR-00008085,507-02.pdf
DOJ-OGR-00008086,DOJ-OGR-00008110,508.pdf
DOJ-OGR-00008111,DOJ-OGR-00008111,509.pdf
DOJ-OGR-00008112,DOJ-OGR-00008121,509-01.pdf
DOJ-OGR-00008122,DOJ-OGR-00008163,509-02.pdf
DOJ-OGR-00008164,DOJ-OGR-00008165,510.pdf
DOJ-OGR-00008166,DOJ-OGR-00008168,511.pdf
DOJ-OGR-00008169,DOJ-OGR-00008169,512.pdf
DOJ-OGR-00008170,DOJ-OGR-00008170,513.pdf
DOJ-OGR-00008171,DOJ-OGR-00008171,514.pdf
DOJ-OGR-00008172,DOJ-OGR-00008172,515.pdf
DOJ-OGR-00008173,DOJ-OGR-00008189,516.pdf
DOJ-OGR-00008190,DOJ-OGR-00008193,517.pdf
DOJ-OGR-00008194,DOJ-OGR-00008201,518.pdf
DOJ-OGR-00008202,DOJ-OGR-00008204,519.pdf
DOJ-OGR-00008205,DOJ-OGR-00008205,520.pdf
DOJ-OGR-00008206,DOJ-OGR-00008210,521.pdf
DOJ-OGR-00008211,DOJ-OGR-00008211,521-01.pdf
DOJ-OGR-00008212,DOJ-OGR-00008213,522.pdf
DOJ-OGR-00008214,DOJ-OGR-00008222,523.pdf
DOJ-OGR-00008223,DOJ-OGR-00008224,524.pdf
DOJ-OGR-00008225,DOJ-OGR-00008233,525.pdf
DOJ-OGR-00008234,DOJ-OGR-00008235,526.pdf
DOJ-OGR-00008236,DOJ-OGR-00008236,527.pdf
DOJ-OGR-00008237,DOJ-OGR-00008244,528.pdf
DOJ-OGR-00008245,DOJ-OGR-00008262,529.pdf
DOJ-OGR-00008263,DOJ-OGR-00008263,530.pdf
DOJ-OGR-00008264,DOJ-OGR-00008264,531.pdf
DOJ-OGR-00008265,DOJ-OGR-00008272,532.pdf
DOJ-OGR-00008273,DOJ-OGR-00008280,533.pdf
DOJ-OGR-00008281,DOJ-OGR-00008281,533-01.pdf
DOJ-OGR-00008282,DOJ-OGR-00008300,533-02.pdf
DOJ-OGR-00008301,DOJ-OGR-00008302,534.pdf
DOJ-OGR-00008303,DOJ-OGR-00008310,535.pdf
DOJ-OGR-00008311,DOJ-OGR-00008353,536.pdf
DOJ-OGR-00008354,DOJ-OGR-00008354,537.pdf
DOJ-OGR-00008355,DOJ-OGR-00008356,538.pdf
DOJ-OGR-00008357,DOJ-OGR-00008359,539.pdf
DOJ-OGR-00008360,DOJ-OGR-00008360,540.pdf
DOJ-OGR-00008361,DOJ-OGR-00008362,541.pdf
DOJ-OGR-00008363,DOJ-OGR-00008363,542.pdf
DOJ-OGR-00008364,DOJ-OGR-00008372,544.pdf
DOJ-OGR-00008373,DOJ-OGR-00008373,544-01.pdf
DOJ-OGR-00008374,DOJ-OGR-00008382,545.pdf
DOJ-OGR-00008383,DOJ-OGR-00008384,546.pdf
DOJ-OGR-00008385,DOJ-OGR-00008386,547.pdf
DOJ-OGR-00008387,DOJ-OGR-00008392,548.pdf
DOJ-OGR-00008393,DOJ-OGR-00008394,549.pdf
DOJ-OGR-00008395,DOJ-OGR-00008418,549-01.pdf
DOJ-OGR-00008419,DOJ-OGR-00008421,550.pdf
DOJ-OGR-00008422,DOJ-OGR-00008423,551.pdf
DOJ-OGR-00008424,DOJ-OGR-00008424,552.pdf
DOJ-OGR-00008425,DOJ-OGR-00008427,553.pdf
DOJ-OGR-00008428,DOJ-OGR-00008430,554.pdf
DOJ-OGR-00008431,DOJ-OGR-00008435,555.pdf
DOJ-OGR-00008436,DOJ-OGR-00008437,556.pdf
DOJ-OGR-00008438,DOJ-OGR-00008438,557.pdf
DOJ-OGR-00008439,DOJ-OGR-00008443,558.pdf
DOJ-OGR-00008444,DOJ-OGR-00008447,559.pdf
DOJ-OGR-00008448,DOJ-OGR-00008452,560.pdf
DOJ-OGR-00008453,DOJ-OGR-00008456,561.pdf
DOJ-OGR-00008457,DOJ-OGR-00008538,562.pdf
DOJ-OGR-00008539,DOJ-OGR-00008705,563.pdf
DOJ-OGR-00008706,DOJ-OGR-00008706,564.pdf
DOJ-OGR-00008707,DOJ-OGR-00008789,565.pdf
DOJ-OGR-00008790,DOJ-OGR-00008796,566.pdf
DOJ-OGR-00008797,DOJ-OGR-00008797,567.pdf
DOJ-OGR-00008798,DOJ-OGR-00008800,568.pdf
DOJ-OGR-00008801,DOJ-OGR-00008803,569.pdf
DOJ-OGR-00008804,DOJ-OGR-00008806,570.pdf
DOJ-OGR-00008807,DOJ-OGR-00008808,571.pdf
DOJ-OGR-00008809,DOJ-OGR-00008809,572.pdf
DOJ-OGR-00008810,DOJ-OGR-00008810,573.pdf
DOJ-OGR-00008811,DOJ-OGR-00008813,574.pdf
DOJ-OGR-00008814,DOJ-OGR-00008815,575.pdf
DOJ-OGR-00008816,DOJ-OGR-00008817,576.pdf
DOJ-OGR-00008818,DOJ-OGR-00008819,577.pdf
DOJ-OGR-00008820,DOJ-OGR-00008820,578.pdf
DOJ-OGR-00008821,DOJ-OGR-00008821,579.pdf
DOJ-OGR-00008822,DOJ-OGR-00008823,580.pdf
DOJ-OGR-00008824,DOJ-OGR-00008828,581.pdf
DOJ-OGR-00008829,DOJ-OGR-00008832,582.pdf
DOJ-OGR-00008833,DOJ-OGR-00008837,583.pdf
DOJ-OGR-00008838,DOJ-OGR-00008838,584.pdf
DOJ-OGR-00008839,DOJ-OGR-00008840,585.pdf
DOJ-OGR-00008841,DOJ-OGR-00008842,586.pdf
DOJ-OGR-00008843,DOJ-OGR-00008846,587.pdf
DOJ-OGR-00008847,DOJ-OGR-00008848,588.pdf
DOJ-OGR-00008849,DOJ-OGR-00008851,589.pdf
DOJ-OGR-00008852,DOJ-OGR-00008860,590.pdf
DOJ-OGR-00008861,DOJ-OGR-00008861,591.pdf
DOJ-OGR-00008862,DOJ-OGR-00008862,592.pdf
DOJ-OGR-00008863,DOJ-OGR-00008892,593.pdf
DOJ-OGR-00008893,DOJ-OGR-00008897,594.pdf
DOJ-OGR-00008898,DOJ-OGR-00008908,595.pdf
DOJ-OGR-00008909,DOJ-OGR-00008915,596.pdf
DOJ-OGR-00008916,DOJ-OGR-00008920,597.pdf
DOJ-OGR-00008921,DOJ-OGR-00008922,598.pdf
DOJ-OGR-00008923,DOJ-OGR-00008924,599.pdf
DOJ-OGR-00008925,DOJ-OGR-00008961,600.pdf
DOJ-OGR-00008962,DOJ-OGR-00008962,602.pdf
DOJ-OGR-00008963,DOJ-OGR-00008965,603.pdf
DOJ-OGR-00008966,DOJ-OGR-00008971,604.pdf
DOJ-OGR-00008972,DOJ-OGR-00008974,605.pdf
DOJ-OGR-00008975,DOJ-OGR-00008975,606.pdf
DOJ-OGR-00008976,DOJ-OGR-00008977,607.pdf
DOJ-OGR-00008978,DOJ-OGR-00008979,608.pdf
DOJ-OGR-00008980,DOJ-OGR-00008992,609.pdf
DOJ-OGR-00008993,DOJ-OGR-00008995,610.pdf
DOJ-OGR-00008996,DOJ-OGR-00008996,611.pdf
DOJ-OGR-00008997,DOJ-OGR-00009001,612.pdf
DOJ-OGR-00009002,DOJ-OGR-00009067,613.pdf
DOJ-OGR-00009068,DOJ-OGR-00009097,613-01.pdf
DOJ-OGR-00009098,DOJ-OGR-00009107,613-02.pdf
DOJ-OGR-00009108,DOJ-OGR-00009119,614.pdf
DOJ-OGR-00009120,DOJ-OGR-00009168,615.pdf
DOJ-OGR-00009169,DOJ-OGR-00009174,615-01.pdf
DOJ-OGR-00009175,DOJ-OGR-00009186,615-02.pdf
DOJ-OGR-00009187,DOJ-OGR-00009190,615-03.pdf
DOJ-OGR-00009191,DOJ-OGR-00009222,616.pdf
DOJ-OGR-00009223,DOJ-OGR-00009289,616-01.pdf
DOJ-OGR-00009290,DOJ-OGR-00009419,616-02.pdf
DOJ-OGR-00009420,DOJ-OGR-00009536,616-03.pdf
DOJ-OGR-00009537,DOJ-OGR-00009539,617.pdf
DOJ-OGR-00009540,DOJ-OGR-00009540,618.pdf
DOJ-OGR-00009541,DOJ-OGR-00009541,619.pdf
DOJ-OGR-00009542,DOJ-OGR-00009562,620.pdf
DOJ-OGR-00009563,DOJ-OGR-00009613,621.pdf
DOJ-OGR-00009614,DOJ-OGR-00009614,624.pdf
DOJ-OGR-00009615,DOJ-OGR-00009615,625.pdf
DOJ-OGR-00009616,DOJ-OGR-00009616,626.pdf
DOJ-OGR-00009617,DOJ-OGR-00009618,627.pdf
DOJ-OGR-00009619,DOJ-OGR-00009620,628.pdf
DOJ-OGR-00009621,DOJ-OGR-00009621,629.pdf
DOJ-OGR-00009622,DOJ-OGR-00009623,630.pdf
DOJ-OGR-00009624,DOJ-OGR-00009625,631.pdf
DOJ-OGR-00009626,DOJ-OGR-00009633,632.pdf
DOJ-OGR-00009634,DOJ-OGR-00009637,635.pdf
DOJ-OGR-00009638,DOJ-OGR-00009659,636.pdf
DOJ-OGR-00009660,DOJ-OGR-00009661,637.pdf
DOJ-OGR-00009662,DOJ-OGR-00009690,638.pdf
DOJ-OGR-00009691,DOJ-OGR-00009691,639.pdf
DOJ-OGR-00009692,DOJ-OGR-00009692,640.pdf
DOJ-OGR-00009693,DOJ-OGR-00009758,642.pdf
DOJ-OGR-00009759,DOJ-OGR-00009788,642-01.pdf
DOJ-OGR-00009789,DOJ-OGR-00009798,642-02.pdf
DOJ-OGR-00009799,DOJ-OGR-00009847,643.pdf
DOJ-OGR-00009848,DOJ-OGR-00009853,643-01.pdf
DOJ-OGR-00009854,DOJ-OGR-00009865,643-02.pdf
DOJ-OGR-00009866,DOJ-OGR-00009869,643-03.pdf
DOJ-OGR-00009870,DOJ-OGR-00009901,644.pdf
DOJ-OGR-00009902,DOJ-OGR-00009968,644-01.pdf
DOJ-OGR-00009969,DOJ-OGR-00010098,644-02.pdf
DOJ-OGR-00010099,DOJ-OGR-00010215,644-03.pdf
DOJ-OGR-00010216,DOJ-OGR-00010265,645.pdf
DOJ-OGR-00010266,DOJ-OGR-00010266,646.pdf
DOJ-OGR-00010267,DOJ-OGR-00010290,647.pdf
DOJ-OGR-00010291,DOJ-OGR-00010306,648.pdf
DOJ-OGR-00010307,DOJ-OGR-00010318,649.pdf
DOJ-OGR-00010319,DOJ-OGR-00010320,650.pdf
DOJ-OGR-00010321,DOJ-OGR-00010321,651.pdf
DOJ-OGR-00010322,DOJ-OGR-00010323,652.pdf
DOJ-OGR-00010324,DOJ-OGR-00010363,653.pdf
DOJ-OGR-00010364,DOJ-OGR-00010365,655.pdf
DOJ-OGR-00010366,DOJ-OGR-00010366,656.pdf
DOJ-OGR-00010367,DOJ-OGR-00010411,657.pdf
DOJ-OGR-00010412,DOJ-OGR-00010412,658.pdf
DOJ-OGR-00010413,DOJ-OGR-00010413,659.pdf
DOJ-OGR-00010414,DOJ-OGR-00010415,660.pdf
DOJ-OGR-00010416,DOJ-OGR-00010417,661.pdf
DOJ-OGR-00010418,DOJ-OGR-00010446,662.pdf
DOJ-OGR-00010447,DOJ-OGR-00010523,663.pdf
DOJ-OGR-00010524,DOJ-OGR-00010525,664.pdf
DOJ-OGR-00010526,DOJ-OGR-00010527,665.pdf
DOJ-OGR-00010528,DOJ-OGR-00010529,666.pdf
DOJ-OGR-00010530,DOJ-OGR-00010531,667.pdf
DOJ-OGR-00010532,DOJ-OGR-00010533,668.pdf
DOJ-OGR-00010534,DOJ-OGR-00010535,669.pdf
DOJ-OGR-00010536,DOJ-OGR-00010590,670.pdf
DOJ-OGR-00010591,DOJ-OGR-00010591,671.pdf
DOJ-OGR-00010592,DOJ-OGR-00010659,672.pdf
DOJ-OGR-00010660,DOJ-OGR-00010662,673.pdf
DOJ-OGR-00010663,DOJ-OGR-00010691,674.pdf
DOJ-OGR-00010692,DOJ-OGR-00010712,675.pdf
DOJ-OGR-00010713,DOJ-OGR-00010714,675-01.pdf
DOJ-OGR-00010715,DOJ-OGR-00010719,675-02.pdf
DOJ-OGR-00010720,DOJ-OGR-00010724,675-03.pdf
DOJ-OGR-00010725,DOJ-OGR-00010725,676.pdf
DOJ-OGR-00010726,DOJ-OGR-00010726,677.pdf
DOJ-OGR-00010727,DOJ-OGR-00010728,678.pdf
DOJ-OGR-00010729,DOJ-OGR-00010732,679.pdf
DOJ-OGR-00010733,DOJ-OGR-00010735,680.pdf
DOJ-OGR-00010736,DOJ-OGR-00010736,681.pdf
DOJ-OGR-00010737,DOJ-OGR-00010743,681-01.pdf
DOJ-OGR-00010744,DOJ-OGR-00010747,682.pdf
DOJ-OGR-00010748,DOJ-OGR-00010748,683.pdf
DOJ-OGR-00010749,DOJ-OGR-00010749,684.pdf
DOJ-OGR-00010750,DOJ-OGR-00010750,685.pdf
DOJ-OGR-00010751,DOJ-OGR-00010752,686.pdf
DOJ-OGR-00010753,DOJ-OGR-00010753,687.pdf
DOJ-OGR-00010754,DOJ-OGR-00011106,688.pdf
DOJ-OGR-00011107,DOJ-OGR-00011108,689.pdf
DOJ-OGR-00011109,DOJ-OGR-00011131,690.pdf
DOJ-OGR-00011132,DOJ-OGR-00011138,691.pdf
DOJ-OGR-00011139,DOJ-OGR-00011155,692.pdf
DOJ-OGR-00011156,DOJ-OGR-00011157,693.pdf
DOJ-OGR-00011158,DOJ-OGR-00011158,694.pdf
DOJ-OGR-00011159,DOJ-OGR-00011166,696.pdf
DOJ-OGR-00011167,DOJ-OGR-00011168,697.pdf
DOJ-OGR-00011169,DOJ-OGR-00011170,698.pdf
DOJ-OGR-00011171,DOJ-OGR-00011173,699.pdf
DOJ-OGR-00011174,DOJ-OGR-00011179,700.pdf
DOJ-OGR-00011180,DOJ-OGR-00011189,701.pdf
DOJ-OGR-00011190,DOJ-OGR-00011193,701-01.pdf
DOJ-OGR-00011194,DOJ-OGR-00011196,701-02.pdf
DOJ-OGR-00011197,DOJ-OGR-00011200,702.pdf
DOJ-OGR-00011201,DOJ-OGR-00011201,702-01.pdf
DOJ-OGR-00011202,DOJ-OGR-00011202,702-02.pdf
DOJ-OGR-00011203,DOJ-OGR-00011204,702-03.pdf
DOJ-OGR-00011205,DOJ-OGR-00011205,702-04.pdf
DOJ-OGR-00011206,DOJ-OGR-00011212,703.pdf
DOJ-OGR-00011213,DOJ-OGR-00011221,703-01.pdf
DOJ-OGR-00011222,DOJ-OGR-00011232,703-02.pdf
DOJ-OGR-00011233,DOJ-OGR-00011240,704.pdf
DOJ-OGR-00011241,DOJ-OGR-00011252,705.pdf
DOJ-OGR-00011253,DOJ-OGR-00011264,706.pdf
DOJ-OGR-00011265,DOJ-OGR-00011267,707.pdf
DOJ-OGR-00011268,DOJ-OGR-00011282,708.pdf
DOJ-OGR-00011283,DOJ-OGR-00011287,709.pdf
DOJ-OGR-00011288,DOJ-OGR-00011288,710.pdf
DOJ-OGR-00011289,DOJ-OGR-00011299,711.pdf
DOJ-OGR-00011300,DOJ-OGR-00011303,713.pdf
DOJ-OGR-00011304,DOJ-OGR-00011310,714.pdf
DOJ-OGR-00011311,DOJ-OGR-00011318,715.pdf
DOJ-OGR-00011319,DOJ-OGR-00011319,716.pdf
DOJ-OGR-00011320,DOJ-OGR-00011329,717.pdf
DOJ-OGR-00011330,DOJ-OGR-00011332,718.pdf
DOJ-OGR-00011333,DOJ-OGR-00011340,719.pdf
DOJ-OGR-00011341,DOJ-OGR-00011341,719-01.pdf
DOJ-OGR-00011342,DOJ-OGR-00011344,720.pdf
DOJ-OGR-00011345,DOJ-OGR-00011353,721.pdf
DOJ-OGR-00011354,DOJ-OGR-00011354,721-01.pdf
DOJ-OGR-00011355,DOJ-OGR-00011355,721-02.pdf
DOJ-OGR-00011356,DOJ-OGR-00011362,722.pdf
DOJ-OGR-00011363,DOJ-OGR-00011375,723.pdf
DOJ-OGR-00011376,DOJ-OGR-00011378,724.pdf
DOJ-OGR-00011379,DOJ-OGR-00011380,725.pdf
DOJ-OGR-00011381,DOJ-OGR-00011383,726.pdf
DOJ-OGR-00011384,DOJ-OGR-00011385,727.pdf
DOJ-OGR-00011386,DOJ-OGR-00011400,729.pdf
DOJ-OGR-00011401,DOJ-OGR-00011405,730.pdf
DOJ-OGR-00011406,DOJ-OGR-00011406,731.pdf
DOJ-OGR-00011407,DOJ-OGR-00011420,731-01.pdf
DOJ-OGR-00011421,DOJ-OGR-00011423,731-02.pdf
DOJ-OGR-00011424,DOJ-OGR-00011448,732.pdf
DOJ-OGR-00011449,DOJ-OGR-00011450,733.pdf
DOJ-OGR-00011451,DOJ-OGR-00011466,734.pdf
DOJ-OGR-00011467,DOJ-OGR-00011473,734-01.pdf
DOJ-OGR-00011474,DOJ-OGR-00011474,734-02.pdf
DOJ-OGR-00011475,DOJ-OGR-00011477,734-03.pdf
DOJ-OGR-00011478,DOJ-OGR-00011486,734-04.pdf
DOJ-OGR-00011487,DOJ-OGR-00011503,734-05.pdf
DOJ-OGR-00011504,DOJ-OGR-00011504,734-06.pdf
DOJ-OGR-00011505,DOJ-OGR-00011505,734-07.pdf
DOJ-OGR-00011506,DOJ-OGR-00011518,734-08.pdf
DOJ-OGR-00011519,DOJ-OGR-00011519,735.pdf
DOJ-OGR-00011520,DOJ-OGR-00011620,737.pdf
DOJ-OGR-00011621,DOJ-OGR-00011621,738.pdf
DOJ-OGR-00011622,DOJ-OGR-00011664,739.pdf
DOJ-OGR-00011665,DOJ-OGR-00011665,740.pdf
DOJ-OGR-00011666,DOJ-OGR-00011771,741.pdf
DOJ-OGR-00011772,DOJ-OGR-00011772,742.pdf
DOJ-OGR-00011773,DOJ-OGR-00012019,743.pdf
DOJ-OGR-00012020,DOJ-OGR-00012020,744.pdf
DOJ-OGR-00012021,DOJ-OGR-00012284,745.pdf
DOJ-OGR-00012285,DOJ-OGR-00012285,746.pdf
DOJ-OGR-00012286,DOJ-OGR-00012513,747.pdf
DOJ-OGR-00012514,DOJ-OGR-00012514,748.pdf
DOJ-OGR-00012515,DOJ-OGR-00012750,749.pdf
DOJ-OGR-00012751,DOJ-OGR-00012751,750.pdf
DOJ-OGR-00012752,DOJ-OGR-00013012,751.pdf
DOJ-OGR-00013013,DOJ-OGR-00013013,752.pdf
DOJ-OGR-00013014,DOJ-OGR-00013277,753.pdf
DOJ-OGR-00013278,DOJ-OGR-00013278,754.pdf
DOJ-OGR-00013279,DOJ-OGR-00013540,755.pdf
DOJ-OGR-00013541,DOJ-OGR-00013541,756.pdf
DOJ-OGR-00013542,DOJ-OGR-00013590,757.pdf
DOJ-OGR-00013591,DOJ-OGR-00013591,758.pdf
DOJ-OGR-00013592,DOJ-OGR-00013858,759.pdf
DOJ-OGR-00013859,DOJ-OGR-00013859,760.pdf
DOJ-OGR-00013860,DOJ-OGR-00014105,761.pdf
DOJ-OGR-00014106,DOJ-OGR-00014106,762.pdf
DOJ-OGR-00014107,DOJ-OGR-00014303,763.pdf
DOJ-OGR-00014304,DOJ-OGR-00014304,764.pdf
DOJ-OGR-00014305,DOJ-OGR-00014399,765.pdf
DOJ-OGR-00014400,DOJ-OGR-00014400,766.pdf
DOJ-OGR-00014401,DOJ-OGR-00014657,767.pdf
DOJ-OGR-00014658,DOJ-OGR-00014658,768.pdf
DOJ-OGR-00014659,DOJ-OGR-00014677,769.pdf
DOJ-OGR-00014678,DOJ-OGR-00014678,770.pdf
DOJ-OGR-00014679,DOJ-OGR-00014685,771.pdf
DOJ-OGR-00014686,DOJ-OGR-00014686,772.pdf
DOJ-OGR-00014687,DOJ-OGR-00014715,773.pdf
DOJ-OGR-00014716,DOJ-OGR-00014716,774.pdf
DOJ-OGR-00014717,DOJ-OGR-00014732,775.pdf
DOJ-OGR-00014733,DOJ-OGR-00014733,776.pdf
DOJ-OGR-00014734,DOJ-OGR-00014746,777.pdf
DOJ-OGR-00014747,DOJ-OGR-00014747,778.pdf
DOJ-OGR-00014748,DOJ-OGR-00014848,779.pdf
DOJ-OGR-00014849,DOJ-OGR-00014849,780.pdf
DOJ-OGR-00014850,DOJ-OGR-00014850,781.pdf
DOJ-OGR-00014851,DOJ-OGR-00014876,781-01.pdf
DOJ-OGR-00014877,DOJ-OGR-00015034,782.pdf
DOJ-OGR-00015035,DOJ-OGR-00015035,783.pdf
DOJ-OGR-00015036,DOJ-OGR-00015036,784.pdf
DOJ-OGR-00015037,DOJ-OGR-00015040,785.pdf
DOJ-OGR-00015041,DOJ-OGR-00015041,786.pdf
DOJ-OGR-00015042,DOJ-OGR-00015042,787.pdf
DOJ-OGR-00015043,DOJ-OGR-00015043,787-01.pdf
DOJ-OGR-00015044,DOJ-OGR-00015044,787-02.pdf
DOJ-OGR-00015045,DOJ-OGR-00015045,787-03.pdf
DOJ-OGR-00015046,DOJ-OGR-00015046,788.pdf
DOJ-OGR-00015047,DOJ-OGR-00015050,789.pdf
DOJ-OGR-00015051,DOJ-OGR-00015051,790.pdf
DOJ-OGR-00015052,DOJ-OGR-00015052,791.pdf
DOJ-OGR-00015053,DOJ-OGR-00015053,792.pdf
DOJ-OGR-00015054,DOJ-OGR-00015054,793.pdf
DOJ-OGR-00015055,DOJ-OGR-00015057,794.pdf
DOJ-OGR-00015058,DOJ-OGR-00015061,795.pdf
DOJ-OGR-00015062,DOJ-OGR-00015071,796.pdf
DOJ-OGR-00015072,DOJ-OGR-00015073,797.pdf
DOJ-OGR-00015074,DOJ-OGR-00015074,798.pdf
DOJ-OGR-00015075,DOJ-OGR-00015076,798-01.pdf
DOJ-OGR-00015077,DOJ-OGR-00015077,798-02.pdf
DOJ-OGR-00015078,DOJ-OGR-00015078,799.pdf
DOJ-OGR-00015079,DOJ-OGR-00015082,800.pdf
DOJ-OGR-00015083,DOJ-OGR-00015084,801.pdf
DOJ-OGR-00015085,DOJ-OGR-00015086,802.pdf
DOJ-OGR-00015087,DOJ-OGR-00015095,803.pdf
DOJ-OGR-00015096,DOJ-OGR-00015122,804.pdf
DOJ-OGR-00015123,DOJ-OGR-00015123,805.pdf
DOJ-OGR-00015124,DOJ-OGR-00015125,805-01.pdf
DOJ-OGR-00015126,DOJ-OGR-00015126,805-02.pdf
DOJ-OGR-00015127,DOJ-OGR-00015129,806.pdf
DOJ-OGR-00015130,DOJ-OGR-00015130,807.pdf
DOJ-OGR-00015131,DOJ-OGR-00015132,808.pdf
DOJ-OGR-00015133,DOJ-OGR-00015163,809.pdf
DOJ-OGR-00015164,DOJ-OGR-00015165,DX A-1.pdf
DOJ-OGR-00015166,DOJ-OGR-00015168,DX A-5.pdf
DOJ-OGR-00015169,DOJ-OGR-00015170,DX A-6.pdf
DOJ-OGR-00015171,DOJ-OGR-00015172,DX AF-13_Redacted.pdf
DOJ-OGR-00015173,DOJ-OGR-00015177,DX AF-14_Redacted.pdf
DOJ-OGR-00015178,DOJ-OGR-00015184,DX AF-1-R_Redacted.pdf
DOJ-OGR-00015185,DOJ-OGR-00015186,DX B.pdf
DOJ-OGR-00015187,DOJ-OGR-00015190,DX C-4_Redacted.pdf
DOJ-OGR-00015191,DOJ-OGR-00015195,DX C-5_Redacted.pdf
DOJ-OGR-00015196,DOJ-OGR-00015199,DX C-8_Redacted.pdf
DOJ-OGR-00015200,DOJ-OGR-00015202,DX C-9_Redacted.pdf
DOJ-OGR-00015203,DOJ-OGR-00015203,DX CE-3_Redacted.pdf
DOJ-OGR-00015204,DOJ-OGR-00015204,DX DH-1_Redacted.pdf
DOJ-OGR-00015205,DOJ-OGR-00015206,DX DH-2_Redacted.pdf
DOJ-OGR-00015207,DOJ-OGR-00015209,DX DH-3-R_Redacted.pdf
DOJ-OGR-00015210,DOJ-OGR-00015211,DX DH-4_Redacted.pdf
DOJ-OGR-00015212,DOJ-OGR-00015258,DX EL-1.pdf
DOJ-OGR-00015259,DOJ-OGR-00015263,DX J-15-R_Redacted.pdf
DOJ-OGR-00015264,DOJ-OGR-00015268,DX J-40-R.pdf
DOJ-OGR-00015269,DOJ-OGR-00015269,DX LV-5_R_Redacted.pdf
DOJ-OGR-00015270,DOJ-OGR-00015276,DX MA-1-R_Redacted.pdf
DOJ-OGR-00015277,DOJ-OGR-00015284,DX MG-1.pdf
DOJ-OGR-00015285,DOJ-OGR-00015290,DX MG-12.pdf
DOJ-OGR-00015291,DOJ-OGR-00015309,DX RS-1-R_Redacted.pdf
DOJ-OGR-00015310,DOJ-OGR-00015461,DX TC-1-R_Redacted.pdf
DOJ-OGR-00015462,DOJ-OGR-00015462,GX-1-A.pdf
DOJ-OGR-00015463,DOJ-OGR-00015463,GX-1-B-R_Redacted.pdf
DOJ-OGR-00015464,DOJ-OGR-00015464,GX-1-C_Redacted.pdf
DOJ-OGR-00015465,DOJ-OGR-00015465,GX-1-J-R_Redacted.pdf
DOJ-OGR-00015466,DOJ-OGR-00015466,GX-1-K-R_Redacted.pdf
DOJ-OGR-00015467,DOJ-OGR-00015467,GX-1-M-R_Redacted.pdf
DOJ-OGR-00015468,DOJ-OGR-00015468,GX-1-O-R_Redacted.pdf
DOJ-OGR-00015469,DOJ-OGR-00015469,GX-1-P-R_Redacted.pdf
DOJ-OGR-00015470,DOJ-OGR-00015470,GX-2-A.pdf
DOJ-OGR-00015471,DOJ-OGR-00015471,GX-2-C-R_Redacted.pdf
DOJ-OGR-00015472,DOJ-OGR-00015472,GX-2-D-R_Redacted.pdf
DOJ-OGR-00015473,DOJ-OGR-00015473,GX-2-E-R_Redacted.pdf
DOJ-OGR-00015474,DOJ-OGR-00015474,GX-2-F-R_Redacted.pdf
DOJ-OGR-00015475,DOJ-OGR-00015475,GX-2-G-R_Redacted.pdf
DOJ-OGR-00015476,DOJ-OGR-00015476,GX-2-H-R.pdf
DOJ-OGR-00015477,DOJ-OGR-00015477,GX-2-I-R.pdf
DOJ-OGR-00015478,DOJ-OGR-00015478,GX-2-J-R_Redacted.pdf
DOJ-OGR-00015479,DOJ-OGR-00015479,GX-2-K-R_Redacted.pdf
DOJ-OGR-00015480,DOJ-OGR-00015480,GX-2-L-R_Redacted.pdf
DOJ-OGR-00015481,DOJ-OGR-00015481,GX-2-M-R_Redacted.pdf
DOJ-OGR-00015482,DOJ-OGR-00015482,GX-2-N-R_Redacted.pdf
DOJ-OGR-00015483,DOJ-OGR-00015483,GX-2-O-R_Redacted.pdf
DOJ-OGR-00015484,DOJ-OGR-00015484,GX-2-P-R_Redacted.pdf
DOJ-OGR-00015485,DOJ-OGR-00015485,GX-2-Q-R_Redacted.pdf
DOJ-OGR-00015486,DOJ-OGR-00015486,GX-2-R-R_Redacted.pdf
DOJ-OGR-00015487,DOJ-OGR-00015487,GX-2-S-R_Redacted.pdf
DOJ-OGR-00015488,DOJ-OGR-00015488,GX-2-T-R_Redacted.pdf
DOJ-OGR-00015489,DOJ-OGR-00015489,GX-2-U-R_Redacted.pdf
DOJ-OGR-00015490,DOJ-OGR-00015490,GX-2-V-R_Redacted.pdf
DOJ-OGR-00015491,DOJ-OGR-00015491,GX-2-W_Redacted.pdf
DOJ-OGR-00015492,DOJ-OGR-00015492,GX-3-A.pdf
DOJ-OGR-00015493,DOJ-OGR-00015493,GX-3-AA-R_Redacted.pdf
DOJ-OGR-00015494,DOJ-OGR-00015494,GX-3-BB-R_Redacted.pdf
DOJ-OGR-00015495,DOJ-OGR-00015495,GX-3-B-R_Redacted.pdf
DOJ-OGR-00015496,DOJ-OGR-00015496,GX-3-CC-R.pdf
DOJ-OGR-00015497,DOJ-OGR-00015497,GX-3-C-R_Redacted.pdf
DOJ-OGR-00015498,DOJ-OGR-00015498,GX-3-DD.pdf
DOJ-OGR-00015499,DOJ-OGR-00015499,GX-3-D-R_Redacted.pdf
DOJ-OGR-00015500,DOJ-OGR-00015500,GX-3-EE_Redacted.pdf
DOJ-OGR-00015501,DOJ-OGR-00015501,GX-3-E-R_Redacted.pdf
DOJ-OGR-00015502,DOJ-OGR-00015502,GX-3-FF-R_Redacted.pdf
DOJ-OGR-00015503,DOJ-OGR-00015503,GX-3-F-R_Redacted.pdf
DOJ-OGR-00015504,DOJ-OGR-00015504,GX-3-GG-R_Redacted.pdf
DOJ-OGR-00015505,DOJ-OGR-00015505,GX-3-G-R.pdf
DOJ-OGR-00015506,DOJ-OGR-00015506,GX-3-HH-R_Redacted.pdf
DOJ-OGR-00015507,DOJ-OGR-00015507,GX-3-H-R_Redacted.pdf
DOJ-OGR-00015508,DOJ-OGR-00015508,GX-3-II-R_Redacted.pdf
DOJ-OGR-00015509,DOJ-OGR-00015509,GX-3-I-R_Redacted.pdf
DOJ-OGR-00015510,DOJ-OGR-00015510,GX-3-JJ-R_Redacted.pdf
DOJ-OGR-00015511,DOJ-OGR-00015511,GX-3-J-R_Redacted.pdf
DOJ-OGR-00015512,DOJ-OGR-00015512,GX-3-KK-R_Redacted.pdf
DOJ-OGR-00015513,DOJ-OGR-00015513,GX-3-K-R.pdf
DOJ-OGR-00015514,DOJ-OGR-00015514,GX-3-L-R_Redacted.pdf
DOJ-OGR-00015515,DOJ-OGR-00015515,GX-3-M-R_Redacted.pdf
DOJ-OGR-00015516,DOJ-OGR-00015516,GX-3-N-R_Redacted.pdf
DOJ-OGR-00015517,DOJ-OGR-00015517,GX-3-O-R_Redacted.pdf
DOJ-OGR-00015518,DOJ-OGR-00015518,GX-3-P-R_Redacted.pdf
DOJ-OGR-00015519,DOJ-OGR-00015519,GX-3-Q-R_Redacted.pdf
DOJ-OGR-00015520,DOJ-OGR-00015520,GX-3-R-R_Redacted.pdf
DOJ-OGR-00015521,DOJ-OGR-00015521,GX-3-S_Redacted.pdf
DOJ-OGR-00015522,DOJ-OGR-00015522,GX-3-T-R_Redacted.pdf
DOJ-OGR-00015523,DOJ-OGR-00015523,GX-3-U-R_Redacted.pdf
DOJ-OGR-00015524,DOJ-OGR-00015524,GX-3-V-R_Redacted.pdf
DOJ-OGR-00015525,DOJ-OGR-00015525,GX-3-W-R_Redacted.pdf
DOJ-OGR-00015526,DOJ-OGR-00015526,GX-3-X-R_Redacted.pdf
DOJ-OGR-00015527,DOJ-OGR-00015527,GX-3-Y-R_Redacted.pdf
DOJ-OGR-00015528,DOJ-OGR-00015528,GX-3-Z-R.pdf
DOJ-OGR-00015529,DOJ-OGR-00015529,GX-101_Redacted.pdf
DOJ-OGR-00015530,DOJ-OGR-00015530,GX-102_Redacted.pdf
DOJ-OGR-00015531,DOJ-OGR-00015531,GX-103_Redacted.pdf
DOJ-OGR-00015532,DOJ-OGR-00015532,GX-111.pdf
DOJ-OGR-00015533,DOJ-OGR-00015533,GX-112.pdf
DOJ-OGR-00015534,DOJ-OGR-00015534,GX-113_Redacted.pdf
DOJ-OGR-00015535,DOJ-OGR-00015535,GX-114_Redacted.pdf
DOJ-OGR-00015536,DOJ-OGR-00015536,GX-115.pdf
DOJ-OGR-00015537,DOJ-OGR-00015539,GX-1004.pdf
DOJ-OGR-00015540,DOJ-OGR-00015541,GX-1009.pdf
DOJ-OGR-00015542,DOJ-OGR-00015542,GX-201.pdf
DOJ-OGR-00015543,DOJ-OGR-00015543,GX-202.pdf
DOJ-OGR-00015544,DOJ-OGR-00015544,GX-203.pdf
DOJ-OGR-00015545,DOJ-OGR-00015545,GX-204.pdf
DOJ-OGR-00015546,DOJ-OGR-00015546,GX-205.pdf
DOJ-OGR-00015547,DOJ-OGR-00015547,GX-206.pdf
DOJ-OGR-00015548,DOJ-OGR-00015548,GX-207.pdf
DOJ-OGR-00015549,DOJ-OGR-00015549,GX-208.pdf
DOJ-OGR-00015550,DOJ-OGR-00015550,GX-209.pdf
DOJ-OGR-00015551,DOJ-OGR-00015551,GX-210.pdf
DOJ-OGR-00015552,DOJ-OGR-00015552,GX-211.pdf
DOJ-OGR-00015553,DOJ-OGR-00015553,GX-212.pdf
DOJ-OGR-00015554,DOJ-OGR-00015554,GX-213.pdf
DOJ-OGR-00015555,DOJ-OGR-00015555,GX-214.pdf
DOJ-OGR-00015556,DOJ-OGR-00015556,GX-215.pdf
DOJ-OGR-00015557,DOJ-OGR-00015557,GX-216.pdf
DOJ-OGR-00015558,DOJ-OGR-00015558,GX-217.pdf
DOJ-OGR-00015559,DOJ-OGR-00015559,GX-218.pdf
DOJ-OGR-00015560,DOJ-OGR-00015560,GX-219.pdf
DOJ-OGR-00015561,DOJ-OGR-00015561,GX-220.pdf
DOJ-OGR-00015562,DOJ-OGR-00015562,GX-221.pdf
DOJ-OGR-00015563,DOJ-OGR-00015563,GX-222.pdf
DOJ-OGR-00015564,DOJ-OGR-00015564,GX-223-R.pdf
DOJ-OGR-00015565,DOJ-OGR-00015565,GX-224-R.pdf
DOJ-OGR-00015566,DOJ-OGR-00015566,GX-225-R.pdf
DOJ-OGR-00015567,DOJ-OGR-00015567,GX-226.pdf
DOJ-OGR-00015568,DOJ-OGR-00015568,GX-227.pdf
DOJ-OGR-00015569,DOJ-OGR-00015569,GX-228.pdf
DOJ-OGR-00015570,DOJ-OGR-00015570,GX-229.pdf
DOJ-OGR-00015571,DOJ-OGR-00015571,GX-230.pdf
DOJ-OGR-00015572,DOJ-OGR-00015572,GX-231.pdf
DOJ-OGR-00015573,DOJ-OGR-00015573,GX-232.pdf
DOJ-OGR-00015574,DOJ-OGR-00015574,GX-233.pdf
DOJ-OGR-00015575,DOJ-OGR-00015575,GX-234-R.pdf
DOJ-OGR-00015576,DOJ-OGR-00015576,GX-235.pdf
DOJ-OGR-00015577,DOJ-OGR-00015577,GX-236.pdf
DOJ-OGR-00015578,DOJ-OGR-00015578,GX-237.pdf
DOJ-OGR-00015579,DOJ-OGR-00015579,GX-238.pdf
DOJ-OGR-00015580,DOJ-OGR-00015580,GX-239.pdf
DOJ-OGR-00015581,DOJ-OGR-00015581,GX-240.pdf
DOJ-OGR-00015582,DOJ-OGR-00015582,GX-241-R.pdf
DOJ-OGR-00015583,DOJ-OGR-00015583,GX-243-R.pdf
DOJ-OGR-00015584,DOJ-OGR-00015584,GX-244-R.pdf
DOJ-OGR-00015585,DOJ-OGR-00015585,GX-246-R.pdf
DOJ-OGR-00015586,DOJ-OGR-00015586,GX-247-R.pdf
DOJ-OGR-00015587,DOJ-OGR-00015587,GX-248-R.pdf
DOJ-OGR-00015588,DOJ-OGR-00015588,GX-249-R.pdf
DOJ-OGR-00015589,DOJ-OGR-00015589,GX-250-R.pdf
DOJ-OGR-00015590,DOJ-OGR-00015590,GX-252-R.pdf
DOJ-OGR-00015591,DOJ-OGR-00015591,GX-253-R.pdf
DOJ-OGR-00015592,DOJ-OGR-00015592,GX-254-R.pdf
DOJ-OGR-00015593,DOJ-OGR-00015593,GX-255-R.pdf
DOJ-OGR-00015594,DOJ-OGR-00015594,GX-256.pdf
DOJ-OGR-00015595,DOJ-OGR-00015595,GX-257.pdf
DOJ-OGR-00015596,DOJ-OGR-00015596,GX-260.pdf
DOJ-OGR-00015597,DOJ-OGR-00015597,GX-262.pdf
DOJ-OGR-00015598,DOJ-OGR-00015598,GX-263.pdf
DOJ-OGR-00015599,DOJ-OGR-00015599,GX-264.pdf
DOJ-OGR-00015600,DOJ-OGR-00015600,GX-265.pdf
DOJ-OGR-00015601,DOJ-OGR-00015601,GX-266.pdf
DOJ-OGR-00015602,DOJ-OGR-00015602,GX-267.pdf
DOJ-OGR-00015603,DOJ-OGR-00015603,GX-268.pdf
DOJ-OGR-00015604,DOJ-OGR-00015604,GX-269.pdf
DOJ-OGR-00015605,DOJ-OGR-00015605,GX-271.pdf
DOJ-OGR-00015606,DOJ-OGR-00015606,GX-272.pdf
DOJ-OGR-00015607,DOJ-OGR-00015607,GX-273.pdf
DOJ-OGR-00015608,DOJ-OGR-00015608,GX-276.pdf
DOJ-OGR-00015609,DOJ-OGR-00015609,GX-277.pdf
DOJ-OGR-00015610,DOJ-OGR-00015610,GX-278.pdf
DOJ-OGR-00015611,DOJ-OGR-00015611,GX-281-R.pdf
DOJ-OGR-00015612,DOJ-OGR-00015612,GX-282-R.pdf
DOJ-OGR-00015613,DOJ-OGR-00015613,GX-283.pdf
DOJ-OGR-00015614,DOJ-OGR-00015614,GX-284.pdf
DOJ-OGR-00015615,DOJ-OGR-00015615,GX-285-R.pdf
DOJ-OGR-00015616,DOJ-OGR-00015616,GX-286-R.pdf
DOJ-OGR-00015617,DOJ-OGR-00015617,GX-287-R.pdf
DOJ-OGR-00015618,DOJ-OGR-00015618,GX-289.pdf
DOJ-OGR-00015619,DOJ-OGR-00015619,GX-290.pdf
DOJ-OGR-00015620,DOJ-OGR-00015620,GX-291.pdf
DOJ-OGR-00015621,DOJ-OGR-00015621,GX-292.pdf
DOJ-OGR-00015622,DOJ-OGR-00015622,GX-293.pdf
DOJ-OGR-00015623,DOJ-OGR-00015623,GX-294.pdf
DOJ-OGR-00015624,DOJ-OGR-00015624,GX-297.pdf
DOJ-OGR-00015626,DOJ-OGR-00015626,GX-298.pdf
DOJ-OGR-00015627,DOJ-OGR-00015627,GX-299.pdf
DOJ-OGR-00015628,DOJ-OGR-00015628,GX-301.pdf
DOJ-OGR-00015629,DOJ-OGR-00015629,GX-302.pdf
DOJ-OGR-00015630,DOJ-OGR-00015630,GX-303.pdf
DOJ-OGR-00015631,DOJ-OGR-00015631,GX-304.pdf
DOJ-OGR-00015632,DOJ-OGR-00015632,GX-306.pdf
DOJ-OGR-00015633,DOJ-OGR-00015633,GX-307.pdf
DOJ-OGR-00015634,DOJ-OGR-00015634,GX-308.pdf
DOJ-OGR-00015635,DOJ-OGR-00015635,GX-310.pdf
DOJ-OGR-00015636,DOJ-OGR-00015636,GX-311.pdf
DOJ-OGR-00015637,DOJ-OGR-00015637,GX-312.pdf
DOJ-OGR-00015638,DOJ-OGR-00015638,GX-314.pdf
DOJ-OGR-00015639,DOJ-OGR-00015639,GX-315.pdf
DOJ-OGR-00015640,DOJ-OGR-00015640,GX-317.pdf
DOJ-OGR-00015641,DOJ-OGR-00015641,GX-318.pdf
DOJ-OGR-00015642,DOJ-OGR-00015642,GX-320.pdf
DOJ-OGR-00015643,DOJ-OGR-00015643,GX-321.pdf
DOJ-OGR-00015644,DOJ-OGR-00015644,GX-322.pdf
DOJ-OGR-00015645,DOJ-OGR-00015645,GX-323.pdf
DOJ-OGR-00015646,DOJ-OGR-00015646,GX-324.pdf
DOJ-OGR-00015647,DOJ-OGR-00015647,GX-325.pdf
DOJ-OGR-00015648,DOJ-OGR-00015648,GX-326.pdf
DOJ-OGR-00015649,DOJ-OGR-00015649,GX-327.pdf
DOJ-OGR-00015650,DOJ-OGR-00015650,GX-328.pdf
DOJ-OGR-00015651,DOJ-OGR-00015651,GX-333.pdf
DOJ-OGR-00015652,DOJ-OGR-00015652,GX-334.pdf
DOJ-OGR-00015653,DOJ-OGR-00015653,GX-335.pdf
DOJ-OGR-00015654,DOJ-OGR-00015654,GX-336.pdf
DOJ-OGR-00015655,DOJ-OGR-00015655,GX-337.pdf
DOJ-OGR-00015656,DOJ-OGR-00015656,GX-340.pdf
DOJ-OGR-00015657,DOJ-OGR-00015657,GX-341.pdf
DOJ-OGR-00015658,DOJ-OGR-00015658,GX-342.pdf
DOJ-OGR-00015659,DOJ-OGR-00015659,GX-343.pdf
DOJ-OGR-00015660,DOJ-OGR-00015660,GX-344.pdf
DOJ-OGR-00015661,DOJ-OGR-00015661,GX-345.pdf
DOJ-OGR-00015662,DOJ-OGR-00015662,GX-346.pdf
DOJ-OGR-00015663,DOJ-OGR-00015663,GX-347.pdf
DOJ-OGR-00015664,DOJ-OGR-00015664,GX-348.pdf
DOJ-OGR-00015665,DOJ-OGR-00015665,GX-418-B.pdf
DOJ-OGR-00015666,DOJ-OGR-00015673,GX-418-R.pdf
DOJ-OGR-00015674,DOJ-OGR-00015674,GX-419.pdf
DOJ-OGR-00015675,DOJ-OGR-00015675,GX-420.pdf
DOJ-OGR-00015676,DOJ-OGR-00015676,GX-420-B.pdf
DOJ-OGR-00015677,DOJ-OGR-00015677,GX-421.pdf
DOJ-OGR-00015678,DOJ-OGR-00015678,GX-421-B.pdf
DOJ-OGR-00015679,DOJ-OGR-00015679,GX-422.pdf
DOJ-OGR-00015680,DOJ-OGR-00015680,GX-422-B.pdf
DOJ-OGR-00015681,DOJ-OGR-00015683,GX-424.pdf
DOJ-OGR-00015684,DOJ-OGR-00015684,GX-51-A.pdf
DOJ-OGR-00015685,DOJ-OGR-00015685,GX-51-B.pdf
DOJ-OGR-00015686,DOJ-OGR-00015686,GX-51-C.pdf
DOJ-OGR-00015687,DOJ-OGR-00015690,GX-501.pdf
DOJ-OGR-00015691,DOJ-OGR-00015698,GX-502.pdf
DOJ-OGR-00015699,DOJ-OGR-00015707,GX-504.pdf
DOJ-OGR-00015708,DOJ-OGR-00015714,GX-505.pdf
DOJ-OGR-00015715,DOJ-OGR-00015717,GX-506.pdf
DOJ-OGR-00015718,DOJ-OGR-00015718,GX-507_Redacted.pdf
DOJ-OGR-00015719,DOJ-OGR-00015721,GX-509.pdf
DOJ-OGR-00015722,DOJ-OGR-00015722,GX-601.pdf
DOJ-OGR-00015723,DOJ-OGR-00015724,GX-603_Redacted.pdf
DOJ-OGR-00015725,DOJ-OGR-00015726,GX-603-A_Redacted.pdf
DOJ-OGR-00015727,DOJ-OGR-00015728,GX-604_Redacted.pdf
DOJ-OGR-00015729,DOJ-OGR-00015787,GX-606.pdf
DOJ-OGR-00015788,DOJ-OGR-00015797,GX-610-A.pdf
DOJ-OGR-00015798,DOJ-OGR-00015915,GX-662-R.pdf
DOJ-OGR-00015916,DOJ-OGR-00016033,GX-662-RR.pdf
DOJ-OGR-00016034,DOJ-OGR-00016034,GX-702.pdf
DOJ-OGR-00016035,DOJ-OGR-00016035,GX-703.pdf
DOJ-OGR-00016036,DOJ-OGR-00016036,GX-704.pdf
DOJ-OGR-00016037,DOJ-OGR-00016037,GX-705.pdf
DOJ-OGR-00016038,DOJ-OGR-00016038,GX-706.pdf
DOJ-OGR-00016039,DOJ-OGR-00016039,GX-721.pdf
DOJ-OGR-00016040,DOJ-OGR-00016047,GX-741.pdf
DOJ-OGR-00016048,DOJ-OGR-00016048,GX-745.pdf
DOJ-OGR-00016049,DOJ-OGR-00016063,GX-801-R_Redacted.pdf
DOJ-OGR-00016064,DOJ-OGR-00016084,GX-802-R_Redacted.pdf
DOJ-OGR-00016085,DOJ-OGR-00016093,GX-803-R_Redacted.pdf
DOJ-OGR-00016094,DOJ-OGR-00016095,GX-823-R.pdf
DOJ-OGR-00016096,DOJ-OGR-00016096,GX-902-R.pdf
DOJ-OGR-00016097,DOJ-OGR-00016097,GX-903-R.pdf
DOJ-OGR-00016098,DOJ-OGR-00016098,GX-904-R.pdf
DOJ-OGR-00016099,DOJ-OGR-00016099,GX-909.pdf
DOJ-OGR-00016100,DOJ-OGR-00016100,GX-910.pdf
DOJ-OGR-00016101,DOJ-OGR-00016101,GX-911-R.pdf
DOJ-OGR-00016102,DOJ-OGR-00016102,GX-915-R.pdf
DOJ-OGR-00016103,DOJ-OGR-00016103,GX-917-R.pdf
DOJ-OGR-00016104,DOJ-OGR-00016104,GX-925-R.pdf
DOJ-OGR-00016105,DOJ-OGR-00016105,GX-926_Redacted.pdf
DOJ-OGR-00016106,DOJ-OGR-00016106,GX-928-R.pdf
DOJ-OGR-00016107,DOJ-OGR-00016107,GX-929.pdf
DOJ-OGR-00016108,DOJ-OGR-00016108,GX-932.pdf
DOJ-OGR-00016109,DOJ-OGR-00016109,GX-933.pdf
DOJ-OGR-00016110,DOJ-OGR-00016110,GX-935-R.pdf
DOJ-OGR-00016111,DOJ-OGR-00016216,Trial Day 1 - 741.pdf
DOJ-OGR-00016217,DOJ-OGR-00016483,Trial Day 10 - 759.pdf
DOJ-OGR-00016484,DOJ-OGR-00016729,Trial Day 11 - 761.pdf
DOJ-OGR-00016730,DOJ-OGR-00016926,Trial Day 12 - 763.pdf
DOJ-OGR-00016927,DOJ-OGR-00017021,Trial Day 13 - 765.pdf
DOJ-OGR-00017022,DOJ-OGR-00017278,Trial Day 14 - 767.pdf
DOJ-OGR-00017279,DOJ-OGR-00017297,Trial Day 15 - 769.pdf
DOJ-OGR-00017298,DOJ-OGR-00017304,Trial Day 16 - 771.pdf
DOJ-OGR-00017305,DOJ-OGR-00017333,Trial Day 17 - 773.pdf
DOJ-OGR-00017334,DOJ-OGR-00017349,Trial Day 18 - 775.pdf
DOJ-OGR-00017350,DOJ-OGR-00017362,Trial Day 19 - 777.pdf
DOJ-OGR-00017363,DOJ-OGR-00017609,Trial Day 2 - 743.pdf
DOJ-OGR-00017610,DOJ-OGR-00017873,Trial Day 3 - 745.pdf
DOJ-OGR-00017874,DOJ-OGR-00018101,Trial Day 4 - 747.pdf
DOJ-OGR-00018102,DOJ-OGR-00018337,Trial Day 5 - 749.pdf
DOJ-OGR-00018338,DOJ-OGR-00018598,Trial Day 6 - 751.pdf
DOJ-OGR-00018599,DOJ-OGR-00018862,Trial Day 7 - 753.pdf
DOJ-OGR-00018863,DOJ-OGR-00019124,Trial Day 8 - 755.pdf
DOJ-OGR-00019125,DOJ-OGR-00019173,Trial Day 9 - 757.pdf
DOJ-OGR-00019174,DOJ-OGR-00019192,001.pdf
DOJ-OGR-00019193,DOJ-OGR-00019199,002.pdf
DOJ-OGR-00019200,DOJ-OGR-00019201,003.pdf
DOJ-OGR-00019202,DOJ-OGR-00019234,004.pdf
DOJ-OGR-00019235,DOJ-OGR-00019236,005.pdf
DOJ-OGR-00019237,DOJ-OGR-00019691,20-3061_Documents.pdf
DOJ-OGR-00019692,DOJ-OGR-00019828,21-58_Documents Pt 1 of 4.pdf
DOJ-OGR-00019829,DOJ-OGR-00020059,21-58_Documents Pt 2 of 4.pdf
DOJ-OGR-00020060,DOJ-OGR-00020281,21-58_Documents Pt 3 of 4.pdf
DOJ-OGR-00020282,DOJ-OGR-00020384,21-58_Documents Pt 4 of 4.pdf
DOJ-OGR-00020385,DOJ-OGR-00021907,22-1426_Documents.pdf
DOJ-OGR-00021908,DOJ-OGR-00021927,001.pdf
DOJ-OGR-00021928,DOJ-OGR-00021928,004.pdf
DOJ-OGR-00021929,DOJ-OGR-00021929,005.pdf
DOJ-OGR-00021930,DOJ-OGR-00021930,006.pdf
DOJ-OGR-00021931,DOJ-OGR-00021931,007.pdf
DOJ-OGR-00021932,DOJ-OGR-00021941,008.pdf
DOJ-OGR-00021942,DOJ-OGR-00021949,009.pdf
DOJ-OGR-00021950,DOJ-OGR-00021950,010.pdf
DOJ-OGR-00021951,DOJ-OGR-00021951,011.pdf
DOJ-OGR-00021952,DOJ-OGR-00021952,012.pdf
DOJ-OGR-00021953,DOJ-OGR-00021953,013.pdf
DOJ-OGR-00021954,DOJ-OGR-00021958,013-01.pdf
DOJ-OGR-00021959,DOJ-OGR-00021970,014.pdf
DOJ-OGR-00021971,DOJ-OGR-00021971,015.pdf
DOJ-OGR-00021972,DOJ-OGR-00021976,016.pdf
DOJ-OGR-00021977,DOJ-OGR-00021991,017.pdf
DOJ-OGR-00021992,DOJ-OGR-00021992,018.pdf
DOJ-OGR-00021993,DOJ-OGR-00021993,019.pdf
DOJ-OGR-00021994,DOJ-OGR-00021995,020.pdf
DOJ-OGR-00021996,DOJ-OGR-00021997,021.pdf
DOJ-OGR-00021998,DOJ-OGR-00022000,022.pdf
DOJ-OGR-00022001,DOJ-OGR-00022001,023.pdf
DOJ-OGR-00022002,DOJ-OGR-00022002,024.pdf
DOJ-OGR-00022003,DOJ-OGR-00022003,025.pdf
DOJ-OGR-00022004,DOJ-OGR-00022018,026.pdf
DOJ-OGR-00022019,DOJ-OGR-00022019,027.pdf
DOJ-OGR-00022020,DOJ-OGR-00022020,028.pdf
DOJ-OGR-00022021,DOJ-OGR-00022021,029.pdf
DOJ-OGR-00022022,DOJ-OGR-00022022,030.pdf
DOJ-OGR-00022023,DOJ-OGR-00022023,032.pdf
DOJ-OGR-00022024,DOJ-OGR-00022061,033.pdf
DOJ-OGR-00022062,DOJ-OGR-00022062,034.pdf
DOJ-OGR-00022063,DOJ-OGR-00022096,035.pdf
DOJ-OGR-00022097,DOJ-OGR-00022105,036.pdf
DOJ-OGR-00022106,DOJ-OGR-00022106,037.pdf
DOJ-OGR-00022107,DOJ-OGR-00022107,038.pdf
DOJ-OGR-00022108,DOJ-OGR-00022108,039.pdf
DOJ-OGR-00022109,DOJ-OGR-00022109,040.pdf
DOJ-OGR-00022110,DOJ-OGR-00022110,041.pdf
DOJ-OGR-00022111,DOJ-OGR-00022111,042.pdf
DOJ-OGR-00022112,DOJ-OGR-00022112,043.pdf
DOJ-OGR-00022113,DOJ-OGR-00022113,044.pdf
DOJ-OGR-00022114,DOJ-OGR-00022114,045.pdf
DOJ-OGR-00022115,DOJ-OGR-00022115,046.pdf
DOJ-OGR-00022116,DOJ-OGR-00022116,047.pdf
DOJ-OGR-00022117,DOJ-OGR-00022117,048.pdf
DOJ-OGR-00022118,DOJ-OGR-00022118,049.pdf
DOJ-OGR-00022119,DOJ-OGR-00022119,050.pdf
DOJ-OGR-00022120,DOJ-OGR-00022120,051.pdf
DOJ-OGR-00022121,DOJ-OGR-00022121,052.pdf
DOJ-OGR-00022122,DOJ-OGR-00022123,053.pdf
DOJ-OGR-00022124,DOJ-OGR-00022124,054.pdf
DOJ-OGR-00022125,DOJ-OGR-00022127,055.pdf
DOJ-OGR-00022128,DOJ-OGR-00022132,056.pdf
DOJ-OGR-00022133,DOJ-OGR-00022133,057.pdf
DOJ-OGR-00022134,DOJ-OGR-00022134,058.pdf
DOJ-OGR-00022135,DOJ-OGR-00022139,059.pdf
DOJ-OGR-00022140,DOJ-OGR-00022140,060.pdf
DOJ-OGR-00022141,DOJ-OGR-00022141,061.pdf
DOJ-OGR-00022142,DOJ-OGR-00022142,062.pdf
DOJ-OGR-00022143,DOJ-OGR-00022143,063.pdf
DOJ-OGR-00022144,DOJ-OGR-00022146,064.pdf
DOJ-OGR-00022147,DOJ-OGR-00022149,065.pdf
DOJ-OGR-00022150,DOJ-OGR-00022150,066.pdf
DOJ-OGR-00022151,DOJ-OGR-00022151,066-01.pdf
DOJ-OGR-00022152,DOJ-OGR-00022152,067.pdf
DOJ-OGR-00022153,DOJ-OGR-00022153,2025.07 DOJ FBI Memorandum.pdf
DOJ-OGR-00022168,DOJ-OGR-00022168,"A. Evidence List from US v. Maxwell, 1.20-cr-00330 (SDNY 2020).pdf"
DOJ-OGR-00022173,DOJ-OGR-00022290,"B. Flight Log Released in US v. Maxwell, 1.20-cr-00330 (SDNY 2020).pdf"
DOJ-OGR-00022291,DOJ-OGR-00022385,C. Contact Book (Redacted).pdf
DOJ-OGR-00022386,DOJ-OGR-00022392,D. Masseuse List (Redacted).pdf
DOJ-OGR-00022393,DOJ-OGR-00022655,Interview Transcript - Maxwell 2025.07.24 (Redacted).pdf
DOJ-OGR-00022656,DOJ-OGR-00022758,Interview Transcript - Maxwell 2025.07.24-cft (Redacted).pdf
DOJ-OGR-00022759,DOJ-OGR-00022915,Interview Transcript - Maxwell 2025.07.25 (Redacted).pdf
DOJ-OGR-00022916,DOJ-OGR-00022981,Interview Transcript - Maxwell 2025.07.25-cft (Redacted).pdf
DOJ-OGR-00022982,DOJ-OGR-00022983,Signed Maxwell Proffer Agreement (Redacted).pdf
DOJ-OGR-00022984,DOJ-OGR-00022984,2020.11 DOJ Office of Professional Responsibility Report Executive Summary.pdf
DOJ-OGR-00023013,DOJ-OGR-00023360,2020.11 DOJ Office of Professional Responsibility Report.pdf
DOJ-OGR-00023361,DOJ-OGR-00023488,2023.06 OIG Memorandum 23-085.pdf
DOJ-OGR-00023489,DOJ-OGR-00023491,2023.06.27 OIG Press Release.pdf
DOJ-OGR-00023492,DOJ-OGR-00023493,2023.06.27 OIG Statement.pdf
DOJ-OGR-00023494,DOJ-OGR-00023494,2025.02.27 Letter from Attorney General Bondi to FBI Director Patel.pdf
DOJ-OGR-00023495,DOJ-OGR-00024494,BOP Epstein Records Part 1 of 4.pdf
DOJ-OGR-00024495,DOJ-OGR-00025494,BOP Epstein Records Part 2 of 4.pdf
DOJ-OGR-00025495,DOJ-OGR-00026494,BOP Epstein Records Part 3 of 4.pdf
DOJ-OGR-00026495,DOJ-OGR-00027380,BOP Epstein Records Part 4 of 4.pdf
DOJ-OGR-00027381,DOJ-OGR-00027431,Epstein Records 1.pdf
DOJ-OGR-00027432,DOJ-OGR-00027515,Epstein Records 2.pdf
DOJ-OGR-00027516,DOJ-OGR-00027689,Epstein Records 3.pdf
DOJ-OGR-00027690,DOJ-OGR-00028190,Epstein Records 4.pdf
DOJ-OGR-00028191,DOJ-OGR-00028194,Epstein Report of Aircraft Arrival.pdf
DOJ-OGR-00028195,DOJ-OGR-00028875,Epstein TECS Records 1.pdf
DOJ-OGR-00028876,DOJ-OGR-00028886,Epstein TECS Records 2.pdf
DOJ-OGR-00028887,DOJ-OGR-00028887,Epstein Travel Record.pdf
DOJ-OGR-00028888,DOJ-OGR-00028931,Epstein Part 01.pdf
DOJ-OGR-00028932,DOJ-OGR-00028967,Epstein Part 02.pdf
DOJ-OGR-00028968,DOJ-OGR-00029071,Epstein Part 03.pdf
DOJ-OGR-00029072,DOJ-OGR-00029120,Epstein Part 04.pdf
DOJ-OGR-00029121,DOJ-OGR-00029130,Epstein Part 05.pdf
DOJ-OGR-00029131,DOJ-OGR-00029151,Epstein Part 06.pdf
DOJ-OGR-00029152,DOJ-OGR-00029162,Epstein Part 07.pdf
DOJ-OGR-00029163,DOJ-OGR-00029176,Epstein Part 08.pdf
DOJ-OGR-00029177,DOJ-OGR-00029187,Epstein Part 09.pdf
DOJ-OGR-00029188,DOJ-OGR-00029198,Epstein Part 10.pdf
DOJ-OGR-00029199,DOJ-OGR-00029210,Epstein Part 11.pdf
DOJ-OGR-00029211,DOJ-OGR-00029377,Epstein Part 12.pdf
DOJ-OGR-00029378,DOJ-OGR-00029388,Epstein Part 13.pdf
DOJ-OGR-00029389,DOJ-OGR-00029569,Epstein Part 14.pdf
DOJ-OGR-00029570,DOJ-OGR-00029586,Epstein Part 15.pdf
DOJ-OGR-00029587,DOJ-OGR-00029600,Epstein Part 16.pdf
DOJ-OGR-00029601,DOJ-OGR-00029815,Epstein Part 17.pdf
DOJ-OGR-00029816,DOJ-OGR-00030053,Epstein Part 18.pdf
DOJ-OGR-00030054,DOJ-OGR-00030128,Epstein Part 19.pdf
DOJ-OGR-00030129,DOJ-OGR-00030150,Epstein Part 20.pdf
DOJ-OGR-00030151,DOJ-OGR-00030266,Epstein Part 21.pdf
DOJ-OGR-00030267,DOJ-OGR-00030313,Epstein Part 22.pdf
DOJ-OGR-00030314,DOJ-OGR-00030314,Epstein Part 01 (Redacted).pdf
DOJ-OGR-00030468,DOJ-OGR-00030598,Epstein Part 02 (Redacted).pdf
DOJ-OGR-00030599,DOJ-OGR-00030718,Epstein Part 03 (Redacted).pdf
DOJ-OGR-00030719,DOJ-OGR-00030800,Epstein Part 04 (Redacted).pdf
DOJ-OGR-00030801,DOJ-OGR-00030925,Epstein Part 05 (Redacted).pdf
DOJ-OGR-00030926,DOJ-OGR-00030997,Epstein Part 06 (Redacted).pdf
DOJ-OGR-00030998,DOJ-OGR-00031092,Epstein Part 07 (Redacted).pdf
DOJ-OGR-00031093,DOJ-OGR-00031173,Epstein Part 08 (Redacted).pdf
DOJ-OGR-00031174,DOJ-OGR-00031308,Epstein Part 09 (Redacted).pdf
DOJ-OGR-00031309,DOJ-OGR-00031410,Epstein Part 10 (Redacted).pdf
DOJ-OGR-00031411,DOJ-OGR-00031521,Epstein Part 11 (Redacted).pdf
DOJ-OGR-00031522,DOJ-OGR-00031617,Epstein Part 12 (Redacted).pdf
DOJ-OGR-00031618,DOJ-OGR-00031721,Epstein Part 13 (Redacted).pdf
DOJ-OGR-00031722,DOJ-OGR-00031845,Epstein Part 14 (Redacted).pdf
DOJ-OGR-00031846,DOJ-OGR-00031939,Epstein Part 15 (Redacted).pdf
DOJ-OGR-00031940,DOJ-OGR-00032039,Epstein Part 16 (Redacted).pdf
DOJ-OGR-00032040,DOJ-OGR-00032190,Epstein Part 17 (Redacted).pdf
DOJ-OGR-00032191,DOJ-OGR-00032285,Epstein Part 18 (Redacted).pdf
DOJ-OGR-00032286,DOJ-OGR-00032374,Epstein Part 19 (Redacted).pdf
DOJ-OGR-00032375,DOJ-OGR-00032567,Epstein Part 20 (Redacted).pdf
DOJ-OGR-00032568,DOJ-OGR-00032651,Epstein Part 21 (Redacted).pdf
DOJ-OGR-00032652,DOJ-OGR-00032834,Epstein Part 22 (Redacted).pdf
DOJ-OGR-00032835,DOJ-OGR-00032921,Epstein Part 23 (Redacted).pdf
DOJ-OGR-00032922,DOJ-OGR-00033146,Epstein Part 24 (Redacted).pdf
DOJ-OGR-00033147,DOJ-OGR-00033235,Epstein Supplemental (Redacted).pdf
DOJ-OGR-00033236,DOJ-OGR-00033282,Phone Messages (Redacted).pdf
DOJ-OGR-00033283,DOJ-OGR-00033284,Stac Case Notes (Redacted).pdf
